Session Key,Driver Number,Driver,Team,Position,Overall Time (s),Lane Duration (s),Adjusted Overall Time (s),Max i1 Speed (km/h),Max i2 Speed (km/h),Max st Speed (km/h),Average i1 Speed (km/h),Average i2 Speed (km/h),Average st Speed (km/h),Session,Location,Country,Year
9213,1,Max VERSTAPPEN,Red Bull Racing,1,5721.362,48.6,5672.762,225,181,327,213.4791667,176.9464286,294.8392857,Race,Austin,United States,2023
9213,4,Lando NORRIS,McLaren,2,5732.092,47.4,5684.692,220,186,332,211.6,182.8571429,295.25,Race,Austin,United States,2023
9213,55,Carlos SAINZ,Ferrari,3,5736.496,47.2,5689.296,219,186,329,209.8235294,181.25,302.2321429,Race,Austin,United States,2023
9213,11,Sergio PEREZ,Red Bull Racing,4,5739.822,47.9,5691.922,215,182,327,206.5294118,177.75,296.0535714,Race,Austin,United States,2023
9213,63,George RUSSELL,Mercedes,5,5746.361,48.2,5698.161,226,187,313,211.5384615,182.6964286,285.125,Race,Austin,United States,2023
9213,10,Pierre GASLY,Alpine,6,5769.358,48.7,5720.658,214,184,323,207.7169811,178.8392857,294.9107143,Race,Austin,United States,2023
9213,18,Lance STROLL,Aston Martin,7,5770.058,48.3,5721.758,215,185,332,202.4509804,180.4642857,304.8571429,Race,Austin,United States,2023
9213,22,Yuki TSUNODA,AlphaTauri,8,5795.747,71.8,5723.947,222,183,312,210.2727273,174.6428571,291.7857143,Race,Austin,United States,2023
9213,23,Alexander ALBON,Williams,9,5808.076,48.8,5759.276,213,183,324,205.9130435,178.0535714,302.2857143,Race,Austin,United States,2023
9213,2,Logan SARGEANT,Williams,10,5809.36,50.4,5758.96,217,188,329,206.78,182.4464286,307.9285714,Race,Austin,United States,2023
9213,27,Nico HULKENBERG,Haas F1 Team,11,5811.266,50.8,5760.466,214,189,328,206.1041667,180.6071429,296.8035714,Race,Austin,United States,2023
9213,77,Valtteri BOTTAS,Alfa Romeo,12,5819.963,49.7,5770.263,212,186,318,203.52,181.2678571,295.9642857,Race,Austin,United States,2023
9213,24,ZHOU Guanyu,Alfa Romeo,13,,50.3,,217,183,318,206.5744681,177.3818182,290.5818182,Race,Austin,United States,2023
9213,20,Kevin MAGNUSSEN,Haas F1 Team,14,,49.7,,214,183,334,202.2888889,179.2363636,295,Race,Austin,United States,2023
9213,3,Daniel RICCIARDO,AlphaTauri,15,,50.8,,218,184,322,204.5740741,174.9090909,294.7818182,Race,Austin,United States,2023
9213,16,Charles LECLERC,Ferrari,,5746.024,23.9,5722.124,217,186,325,209.76,181.4821429,300.7857143,Race,Austin,United States,2023
9213,31,Esteban OCON,Alpine,,,0,,205,177,309,198.8,173.3333333,302.1666667,Race,Austin,United States,2023
9213,14,Fernando ALONSO,Aston Martin,,,49.8,,220,188,333,209.7045455,181.5102041,304.8367347,Race,Austin,United States,2023
9213,44,Lewis HAMILTON,Mercedes,,5723.587,49.5,5674.087,225,187,320,214.0204082,183.3392857,288.8214286,Race,Austin,United States,2023
9213,81,Oscar PIASTRI,McLaren,,,0,,213,182,304,208.2222222,172.1,285.3,Race,Austin,United States,2023
9070,11,Sergio PEREZ,Red Bull Racing,1,5562.436,0,5562.436,221,227,324,201.6086957,208.1764706,311.5882353,Race,Baku,Azerbaijan,2023
9070,1,Max VERSTAPPEN,Red Bull Racing,2,5564.573,0,5564.573,221,229,325,202.4444444,213.3137255,314.745098,Race,Baku,Azerbaijan,2023
9070,16,Charles LECLERC,Ferrari,3,5583.653,0,5583.653,218,222,324,203.6956522,209.3921569,311.2941176,Race,Baku,Azerbaijan,2023
9070,14,Fernando ALONSO,Aston Martin,4,5584.46,0,5584.46,223,231,326,201.3877551,209.1372549,315.5686275,Race,Baku,Azerbaijan,2023
9070,55,Carlos SAINZ,Ferrari,5,5607.927,0,5607.927,221,220,325,204.0851064,205.9803922,312.8431373,Race,Baku,Azerbaijan,2023
9070,44,Lewis HAMILTON,Mercedes,6,5608.581,0,5608.581,210,222,335,192.2727273,208.3137255,315.1764706,Race,Baku,Azerbaijan,2023
9070,18,Lance STROLL,Aston Martin,7,5614.053,0,5614.053,213,220,325,195.3877551,206.3137255,316.1372549,Race,Baku,Azerbaijan,2023
9070,63,George RUSSELL,Mercedes,8,5636.676,0,5636.676,214,223,326,190.5111111,205.254902,313.8627451,Race,Baku,Azerbaijan,2023
9070,4,Lando NORRIS,McLaren,9,5642.812,0,5642.812,210,220,325,188.1041667,200.2352941,314.9019608,Race,Baku,Azerbaijan,2023
9070,22,Yuki TSUNODA,AlphaTauri,10,5646.298,0,5646.298,213,226,329,196.1489362,204.745098,314.2745098,Race,Baku,Azerbaijan,2023
9070,81,Oscar PIASTRI,McLaren,11,5648.937,0,5648.937,207,219,327,191.6956522,202.0980392,312.6862745,Race,Baku,Azerbaijan,2023
9070,23,Alexander ALBON,Williams,12,5651.059,0,5651.059,202,209,335,185.58,199.1960784,315.4901961,Race,Baku,Azerbaijan,2023
9070,20,Kevin MAGNUSSEN,Haas F1 Team,13,5652.165,0,5652.165,217,218,329,195.5306122,206.1568627,318.8431373,Race,Baku,Azerbaijan,2023
9070,10,Pierre GASLY,Alpine,14,5653.768,0,5653.768,217,221,327,192.7446809,209.4313725,314.5490196,Race,Baku,Azerbaijan,2023
9070,31,Esteban OCON,Alpine,15,5660.23,0,5660.23,213,222,326,192.5744681,206.372549,313.1960784,Race,Baku,Azerbaijan,2023
9070,2,Logan SARGEANT,Williams,16,5663.379,0,5663.379,207,212,328,187.9555556,199.4509804,317.0392157,Race,Baku,Azerbaijan,2023
9070,27,Nico HULKENBERG,Haas F1 Team,17,,0,,215,216,327,193.3673469,201.66,317.78,Race,Baku,Azerbaijan,2023
9070,77,Valtteri BOTTAS,Alfa Romeo,18,,0,,213,222,322,197.2083333,204.56,312.1,Race,Baku,Azerbaijan,2023
9070,21,Nyck DE VRIES,AlphaTauri,,,0,,192,205,324,183.4,198,322.2222222,Race,Baku,Azerbaijan,2023
9070,24,ZHOU Guanyu,Alfa Romeo,,,0,,211,214,324,186.6060606,198.6388889,311.1111111,Race,Baku,Azerbaijan,2023
9102,1,Max VERSTAPPEN,Red Bull Racing,1,5277.94,44.5,5233.44,283,285,310,262.9836066,265.7424242,302.1395349,Race,Barcelona,Spain,2023
9102,44,Lewis HAMILTON,Mercedes,2,5302.03,45.2,5256.83,282,290,331,270.6949153,270.969697,302.54,Race,Barcelona,Spain,2023
9102,63,George RUSSELL,Mercedes,3,5310.329,44.2,5266.129,279,287,331,265.2258065,269.2727273,303.6382979,Race,Barcelona,Spain,2023
9102,11,Sergio PEREZ,Red Bull Racing,4,5313.752,43.2,5270.552,278,292,340,265.4333333,272.3333333,312.1730769,Race,Barcelona,Spain,2023
9102,55,Carlos SAINZ,Ferrari,5,5323.638,44.6,5279.038,277,288,327,268.1272727,276.7878788,304.902439,Race,Barcelona,Spain,2023
9102,18,Lance STROLL,Aston Martin,6,5341.26,45.6,5295.66,276,286,322,265.7586207,270.030303,300.1346154,Race,Barcelona,Spain,2023
9102,14,Fernando ALONSO,Aston Martin,7,5342.067,45.3,5296.767,280,290,326,269.453125,277.8030303,305.3275862,Race,Barcelona,Spain,2023
9102,31,Esteban OCON,Alpine,8,5347.182,46.2,5300.982,275,288,328,266.0701754,270.4242424,305.7058824,Race,Barcelona,Spain,2023
9102,24,ZHOU Guanyu,Alfa Romeo,9,5349.818,46.2,5303.618,277,284,332,263.6833333,270.0757576,308.84,Race,Barcelona,Spain,2023
9102,10,Pierre GASLY,Alpine,10,5351.47,46.9,5304.57,277,284,341,268.1525424,269.2272727,314.1636364,Race,Barcelona,Spain,2023
9102,16,Charles LECLERC,Ferrari,11,5352.359,44.7,5307.659,281,296,342,271.3174603,279.2878788,314.2037037,Race,Barcelona,Spain,2023
9102,22,Yuki TSUNODA,AlphaTauri,12,5353.356,44.1,5309.256,280,292,331,267.4590164,279.2878788,309.94,Race,Barcelona,Spain,2023
9102,81,Oscar PIASTRI,McLaren,13,,45.1,,280,298,333,269.0819672,269.2153846,304.92,Race,Barcelona,Spain,2023
9102,21,Nyck DE VRIES,AlphaTauri,14,,44.4,,277,289,335,266.9830508,273.1692308,311.6792453,Race,Barcelona,Spain,2023
9102,27,Nico HULKENBERG,Haas F1 Team,15,,69.8,,278,284,335,267.5932203,271.2923077,308.1020408,Race,Barcelona,Spain,2023
9102,23,Alexander ALBON,Williams,16,,46.7,,274,281,336,259.6,265.0615385,304.5,Race,Barcelona,Spain,2023
9102,4,Lando NORRIS,McLaren,17,,82.5,,272,277,330,261.5,265.3846154,303.6938776,Race,Barcelona,Spain,2023
9102,20,Kevin MAGNUSSEN,Haas F1 Team,18,,69.1,,282,292,346,269.5689655,275.7538462,313.38,Race,Barcelona,Spain,2023
9102,77,Valtteri BOTTAS,Alfa Romeo,19,,47.6,,273,288,336,257.5079365,267.5384615,303.3703704,Race,Barcelona,Spain,2023
9102,2,Logan SARGEANT,Williams,20,,46.3,,279,285,331,264.2142857,265.2615385,301.6458333,Race,Barcelona,Spain,2023
9133,1,Max VERSTAPPEN,Red Bull Racing,1,5888.634,43,5845.634,285,249,306,279.4107143,238.8,288.3207547,Race,Budapest,Hungary,2023
9133,4,Lando NORRIS,McLaren,2,5922.365,42.9,5879.465,286,248,305,280.6296296,241.1,289.54,Race,Budapest,Hungary,2023
9133,11,Sergio PEREZ,Red Bull Racing,3,5926.237,42.6,5883.637,286,245,313,279.4285714,237.9857143,295.6041667,Race,Budapest,Hungary,2023
9133,44,Lewis HAMILTON,Mercedes,4,5927.768,43.6,5884.168,283,244,311,271.4375,236.4857143,287.9433962,Race,Budapest,Hungary,2023
9133,81,Oscar PIASTRI,McLaren,5,5951.206,43.1,5908.106,283,245,304,279.3448276,240.3,289.7636364,Race,Budapest,Hungary,2023
9133,63,George RUSSELL,Mercedes,6,5954.459,43.4,5911.059,283,244,308,265.4927536,236.1285714,290.8965517,Race,Budapest,Hungary,2023
9133,16,Charles LECLERC,Ferrari,7,5958.951,49.8,5909.151,283,244,310,278.1147541,237.5428571,292.1276596,Race,Budapest,Hungary,2023
9133,55,Carlos SAINZ,Ferrari,8,5959.707,43.4,5916.307,284,244,307,276.0754717,236.5142857,292.46,Race,Budapest,Hungary,2023
9133,14,Fernando ALONSO,Aston Martin,9,5964.343,47,5917.343,285,245,307,279.1320755,237.5142857,290.2608696,Race,Budapest,Hungary,2023
9133,18,Lance STROLL,Aston Martin,10,,44.3,,284,242,309,279.3636364,237.0289855,292.1956522,Race,Budapest,Hungary,2023
9133,23,Alexander ALBON,Williams,11,,43.7,,279,241,311,271.6603774,235.1014493,292.4782609,Race,Budapest,Hungary,2023
9133,77,Valtteri BOTTAS,Alfa Romeo,12,,45.3,,283,242,309,277.754386,236.2608696,295.0925926,Race,Budapest,Hungary,2023
9133,3,Daniel RICCIARDO,AlphaTauri,13,,44.1,,283,241,306,277.9347826,233.5652174,289.4705882,Race,Budapest,Hungary,2023
9133,27,Nico HULKENBERG,Haas F1 Team,14,,44.8,,285,240,309,278.1864407,233.173913,292.2352941,Race,Budapest,Hungary,2023
9133,22,Yuki TSUNODA,AlphaTauri,15,,47.2,,282,240,309,276.5,234.6231884,288.6470588,Race,Budapest,Hungary,2023
9133,24,ZHOU Guanyu,Alfa Romeo,16,,52,,282,242,309,276.75,236.1304348,291.6851852,Race,Budapest,Hungary,2023
9133,20,Kevin MAGNUSSEN,Haas F1 Team,17,,44.8,,283,242,310,275.4181818,234.057971,293.1521739,Race,Budapest,Hungary,2023
9133,2,Logan SARGEANT,Williams,18,,46.1,,285,240,311,275.0175439,234.2686567,296.6470588,Race,Budapest,Hungary,2023
9133,31,Esteban OCON,Alpine,,,0,,259,208,275,235.5,208,272,Race,Budapest,Hungary,2023
9133,10,Pierre GASLY,Alpine,,,0,,187,183,262,187,183,262,Race,Budapest,Hungary,2023
7779,11,Sergio PEREZ,Red Bull Racing,1,4874.894,0,4874.894,292,312,334,275.6666667,293.5,304.72,Race,Jeddah,Saudi Arabia,2023
7779,1,Max VERSTAPPEN,Red Bull Racing,2,4880.249,0,4880.249,292,325,342,282.2368421,296.88,305.84,Race,Jeddah,Saudi Arabia,2023
7779,14,Fernando ALONSO,Aston Martin,3,4895.622,0,4895.622,289,320,320,275,292.8,294.18,Race,Jeddah,Saudi Arabia,2023
7779,63,George RUSSELL,Mercedes,4,4900.76,0,4900.76,288,310,314,275.3428571,295.36,295.48,Race,Jeddah,Saudi Arabia,2023
7779,44,Lewis HAMILTON,Mercedes,5,4905.959,0,4905.959,289,320,326,277.0540541,296.44,297.74,Race,Jeddah,Saudi Arabia,2023
7779,55,Carlos SAINZ,Ferrari,6,4910.77,0,4910.77,289,318,333,278.7804878,291.72,299.2,Race,Jeddah,Saudi Arabia,2023
7779,16,Charles LECLERC,Ferrari,7,4918.056,0,4918.056,289,317,329,276.3666667,293.66,301.82,Race,Jeddah,Saudi Arabia,2023
7779,31,Esteban OCON,Alpine,8,4927.726,0,4927.726,286,319,316,276.7631579,290.42,291.68,Race,Jeddah,Saudi Arabia,2023
7779,10,Pierre GASLY,Alpine,9,4929.641,0,4929.641,283,318,320,275.5,290.58,291.68,Race,Jeddah,Saudi Arabia,2023
7779,20,Kevin MAGNUSSEN,Haas F1 Team,10,4939.72,0,4939.72,288,323,336,278.9545455,295.2,301.82,Race,Jeddah,Saudi Arabia,2023
7779,22,Yuki TSUNODA,AlphaTauri,11,4942.388,0,4942.388,285,316,321,278.0909091,291.32,299.3,Race,Jeddah,Saudi Arabia,2023
7779,27,Nico HULKENBERG,Haas F1 Team,12,4945.482,0,4945.482,288,323,336,280.6363636,295.28,302.44,Race,Jeddah,Saudi Arabia,2023
7779,24,ZHOU Guanyu,Alfa Romeo,13,4950.954,0,4950.954,287,318,329,277.55,295.12,303.16,Race,Jeddah,Saudi Arabia,2023
7779,21,Nyck DE VRIES,AlphaTauri,14,4952.372,0,4952.372,288,321,330,279.6585366,296.96,300.56,Race,Jeddah,Saudi Arabia,2023
7779,81,Oscar PIASTRI,McLaren,15,4959.915,0,4959.915,288,328,332,278.4848485,297.9,295.84,Race,Jeddah,Saudi Arabia,2023
7779,2,Logan SARGEANT,Williams,16,4961.187,0,4961.187,291,330,336,283.5757576,301.84,304.02,Race,Jeddah,Saudi Arabia,2023
7779,4,Lando NORRIS,McLaren,17,4961.339,0,4961.339,288,324,330,281.5428571,299.52,303.8,Race,Jeddah,Saudi Arabia,2023
7779,77,Valtteri BOTTAS,Alfa Romeo,18,,0,,289,315,321,273.8536585,286.4081633,295.3061224,Race,Jeddah,Saudi Arabia,2023
7779,23,Alexander ALBON,Williams,,,0,,291,326,334,274.7142857,284.6666667,298.9259259,Race,Jeddah,Saudi Arabia,2023
7779,18,Lance STROLL,Aston Martin,,,0,,288,316,328,280.1428571,302.75,303.5625,Race,Jeddah,Saudi Arabia,2023
9189,1,Max VERSTAPPEN,Red Bull Racing,1,5348.289,47.9,5300.389,187,213,317,174.3428571,202.1,274.74,Race,Las Vegas,United States,2023
9189,16,Charles LECLERC,Ferrari,2,5350.359,22.5,5327.859,184,214,350,172.6136364,202.68,289.52,Race,Las Vegas,United States,2023
9189,11,Sergio PEREZ,Red Bull Racing,3,5350.53,55,5295.53,186,213,340,174.075,200.32,288.46,Race,Las Vegas,United States,2023
9189,31,Esteban OCON,Alpine,4,5366.954,21.7,5345.254,186,212,337,175.275,199.1,281.8,Race,Las Vegas,United States,2023
9189,18,Lance STROLL,Aston Martin,5,5368.356,44.7,5323.656,185,213,327,174.3947368,201.76,282.9,Race,Las Vegas,United States,2023
9189,55,Carlos SAINZ,Ferrari,6,5369.123,43.8,5325.323,183,211,327,170.3095238,200.98,281.8,Race,Las Vegas,United States,2023
9189,44,Lewis HAMILTON,Mercedes,7,5370.044,47.5,5322.544,186,214,325,175.9574468,201.7,281.96,Race,Las Vegas,United States,2023
9189,63,George RUSSELL,Mercedes,8,5371.38,43.1,5328.28,186,215,343,173.372093,202.52,286.34,Race,Las Vegas,United States,2023
9189,14,Fernando ALONSO,Aston Martin,9,5374.253,52.5,5321.753,185,213,342,172.5,200.26,288.74,Race,Las Vegas,United States,2023
9189,81,Oscar PIASTRI,McLaren,10,5377.785,43.7,5334.085,185,214,339,173.4888889,198.56,286.68,Race,Las Vegas,United States,2023
9189,10,Pierre GASLY,Alpine,11,5382.559,22.2,5360.359,184,211,330,173.5121951,201.22,282.66,Race,Las Vegas,United States,2023
9189,23,Alexander ALBON,Williams,12,5391.687,21.2,5370.487,183,210,335,171.1904762,199,278.64,Race,Las Vegas,United States,2023
9189,20,Kevin MAGNUSSEN,Haas F1 Team,13,5393.114,43.4,5349.714,185,210,331,168.8043478,199.66,287,Race,Las Vegas,United States,2023
9189,3,Daniel RICCIARDO,AlphaTauri,14,5396.814,22.2,5374.614,188,211,329,174.5,197.74,271.5,Race,Las Vegas,United States,2023
9189,24,ZHOU Guanyu,Alfa Romeo,15,5398.451,22.1,5376.351,183,212,322,174.4782609,199.4,263.4,Race,Las Vegas,United States,2023
9189,2,Logan SARGEANT,Williams,16,5399.171,21.3,5377.871,180,210,329,169.9047619,198.7,280.28,Race,Las Vegas,United States,2023
9189,77,Valtteri BOTTAS,Alfa Romeo,17,5433.639,65.4,5368.239,181,209,316,164.6595745,195.58,285.42,Race,Las Vegas,United States,2023
9189,22,Yuki TSUNODA,AlphaTauri,18,,41.4,,185,212,318,168.7179487,194.8297872,271.7234043,Race,Las Vegas,United States,2023
9189,27,Nico HULKENBERG,Haas F1 Team,19,,47.5,,184,212,319,172.7777778,199.7391304,272.7173913,Race,Las Vegas,United States,2023
9189,4,Lando NORRIS,McLaren,,,0,,170,203,251,167.6666667,190,237.5,Race,Las Vegas,United States,2023
9221,1,Max VERSTAPPEN,Red Bull Racing,1,5259.168,86,5173.168,243,284,327,229.76,271.4736842,285.4081633,Race,Lusail,Qatar,2023
9221,81,Oscar PIASTRI,McLaren,2,5264.001,84,5180.001,243,281,333,232.9302326,271.1754386,291.5208333,Race,Lusail,Qatar,2023
9221,4,Lando NORRIS,McLaren,3,5265.137,83.3,5181.837,240,282,332,225.2745098,270.877193,293.5116279,Race,Lusail,Qatar,2023
9221,63,George RUSSELL,Mercedes,4,5293.287,124.5,5168.787,243,283,330,230.8039216,268.7192982,292.36,Race,Lusail,Qatar,2023
9221,16,Charles LECLERC,Ferrari,5,5298.144,83.5,5214.644,244,287,334,226.8235294,276.2105263,291.3018868,Race,Lusail,Qatar,2023
9221,14,Fernando ALONSO,Aston Martin,6,5308.2,85,5223.2,241,282,342,229.06,273.3859649,290.902439,Race,Lusail,Qatar,2023
9221,31,Esteban OCON,Alpine,7,5321.558,86.9,5234.658,237,285,331,221.9545455,273.7719298,283.28,Race,Lusail,Qatar,2023
9221,77,Valtteri BOTTAS,Alfa Romeo,8,5325.731,88.1,5237.631,235,284,327,221.4705882,269.5438596,284.3653846,Race,Lusail,Qatar,2023
9221,24,ZHOU Guanyu,Alfa Romeo,9,5335.295,86.5,5248.795,237,285,329,222.5625,266.6842105,290.8545455,Race,Lusail,Qatar,2023
9221,11,Sergio PEREZ,Red Bull Racing,10,5339.349,94.1,5245.249,237,284,340,225,267.3333333,293.5,Race,Lusail,Qatar,2023
9221,18,Lance STROLL,Aston Martin,11,5340.82,86.2,5254.62,237,283,335,223.8510638,268.1754386,299.6530612,Race,Lusail,Qatar,2023
9221,10,Pierre GASLY,Alpine,12,5341.468,93.3,5248.168,238,285,330,223.0204082,271.4385965,288.3703704,Race,Lusail,Qatar,2023
9221,23,Alexander ALBON,Williams,13,5350.182,86.8,5263.382,243,285,332,222.4255319,268.1754386,294.6190476,Race,Lusail,Qatar,2023
9221,20,Kevin MAGNUSSEN,Haas F1 Team,14,,87.9,,238,285,323,223.46,267.5357143,289.7843137,Race,Lusail,Qatar,2023
9221,22,Yuki TSUNODA,AlphaTauri,15,,83,,238,283,325,223.02,263.6071429,288.2173913,Race,Lusail,Qatar,2023
9221,27,Nico HULKENBERG,Haas F1 Team,16,,96.5,,240,284,333,221.877551,271.125,287.0612245,Race,Lusail,Qatar,2023
9221,40,Liam LAWSON,AlphaTauri,17,,86,,236,280,329,223.4680851,264.0892857,289.0625,Race,Lusail,Qatar,2023
9221,44,Lewis HAMILTON,Mercedes,,,0,,,,240,,,240,Race,Lusail,Qatar,2023
9221,2,Logan SARGEANT,Williams,,,58.7,,236,282,330,220.9166667,260.4,292.6176471,Race,Lusail,Qatar,2023
9165,55,Carlos SAINZ,Ferrari,1,6397.418,29.4,6368.018,295,265,286,277.4074074,253.8709677,274.54,Race,Marina Bay,Singapore,2023
9165,4,Lando NORRIS,McLaren,2,6398.23,29.4,6368.83,313,278,302,279.7719298,261.7903226,282.0363636,Race,Marina Bay,Singapore,2023
9165,44,Lewis HAMILTON,Mercedes,3,6398.687,66.1,6332.587,321,281,306,282.2131148,256.0322581,279.245614,Race,Marina Bay,Singapore,2023
9165,16,Charles LECLERC,Ferrari,4,6418.595,32.8,6385.795,314,267,299,282.5471698,254.7903226,272.7708333,Race,Marina Bay,Singapore,2023
9165,1,Max VERSTAPPEN,Red Bull Racing,5,6418.859,29.6,6389.259,316,280,299,286.9814815,253.9354839,274.6603774,Race,Marina Bay,Singapore,2023
9165,10,Pierre GASLY,Alpine,6,6435.859,31.8,6404.059,315,271,296,288.26,259.9677419,282.2765957,Race,Marina Bay,Singapore,2023
9165,81,Oscar PIASTRI,McLaren,7,6438.897,29.3,6409.597,323,283,300,287.6538462,264.1129032,283.509434,Race,Marina Bay,Singapore,2023
9165,11,Sergio PEREZ,Red Bull Racing,8,6456.952,28.9,6428.052,315,282,303,291.3703704,256.6290323,281.7173913,Race,Marina Bay,Singapore,2023
9165,40,Liam LAWSON,AlphaTauri,9,6463.336,32.3,6431.036,305,270,292,279.9811321,253.8548387,276.1020408,Race,Marina Bay,Singapore,2023
9165,20,Kevin MAGNUSSEN,Haas F1 Team,10,6469.534,64.4,6405.134,313,277,303,289.7692308,259.4032258,284.5714286,Race,Marina Bay,Singapore,2023
9165,23,Alexander ALBON,Williams,11,6470.835,59.8,6411.035,320,278,303,294.6949153,261.5645161,286.9423077,Race,Marina Bay,Singapore,2023
9165,24,ZHOU Guanyu,Alfa Romeo,12,6481.067,60.6,6420.467,313,279,296,286.0392157,256.2258065,279.5652174,Race,Marina Bay,Singapore,2023
9165,27,Nico HULKENBERG,Haas F1 Team,13,6483.619,35.4,6448.219,322,276,300,294.2962963,258.2258065,285.5098039,Race,Marina Bay,Singapore,2023
9165,2,Logan SARGEANT,Williams,14,6484.307,94.5,6389.807,314,276,297,289.84,260.7419355,284.2058824,Race,Marina Bay,Singapore,2023
9165,14,Fernando ALONSO,Aston Martin,15,6485.021,83.3,6401.721,316,280,303,288.0689655,261.7580645,283.42,Race,Marina Bay,Singapore,2023
9165,63,George RUSSELL,Mercedes,16,,59.9,,316,283,301,280.6393443,257.8196721,281.3333333,Race,Marina Bay,Singapore,2023
9165,31,Esteban OCON,Alpine,,,29.7,,323,270,295,288.7714286,257.3809524,277.2758621,Race,Marina Bay,Singapore,2023
9165,77,Valtteri BOTTAS,Alfa Romeo,,,30.4,,295,264,283,279.0465116,250.6923077,272.2195122,Race,Marina Bay,Singapore,2023
9165,22,Yuki TSUNODA,AlphaTauri,,,0,,277,108,236,277,108,236,Race,Marina Bay,Singapore,2023
7787,1,Max VERSTAPPEN,Red Bull Racing,1,9158.371,0,9158.371,284,322,306,252.1836735,268.8448276,267.372549,Race,Melbourne,Australia,2023
7787,44,Lewis HAMILTON,Mercedes,2,9158.55,0,9158.55,279,306,309,253.6607143,269.2586207,268.8867925,Race,Melbourne,Australia,2023
7787,14,Fernando ALONSO,Aston Martin,3,9159.14,0,9159.14,279,310,311,252.4901961,271.5344828,271.0555556,Race,Melbourne,Australia,2023
7787,18,Lance STROLL,Aston Martin,4,9161.453,0,9161.453,281,323,319,251.0769231,277.6206897,281.9245283,Race,Melbourne,Australia,2023
7787,11,Sergio PEREZ,Red Bull Racing,5,9161.691,0,9161.691,286,339,317,252.1086957,282.7758621,278.08,Race,Melbourne,Australia,2023
7787,4,Lando NORRIS,McLaren,6,9162.072,0,9162.072,277,322,318,251.0535714,277.1724138,278.8363636,Race,Melbourne,Australia,2023
7787,27,Nico HULKENBERG,Haas F1 Team,7,9163.31,0,9163.31,285,322,314,250.3392857,280.9827586,277.2407407,Race,Melbourne,Australia,2023
7787,81,Oscar PIASTRI,McLaren,8,9163.753,0,9163.753,278,324,325,246.1666667,273.0344828,279.5283019,Race,Melbourne,Australia,2023
7787,24,ZHOU Guanyu,Alfa Romeo,9,9164.084,0,9164.084,280,322,315,246.5208333,279.0862069,277.0185185,Race,Melbourne,Australia,2023
7787,22,Yuki TSUNODA,AlphaTauri,10,9164.423,0,9164.423,279,314,318,241.4782609,274.2931034,280.0535714,Race,Melbourne,Australia,2023
7787,77,Valtteri BOTTAS,Alfa Romeo,11,9164.884,0,9164.884,275,323,310,247.3265306,271.637931,271.22,Race,Melbourne,Australia,2023
7787,55,Carlos SAINZ,Ferrari,12,9164.965,0,9164.965,283,322,321,251.9814815,275.5172414,279.5319149,Race,Melbourne,Australia,2023
7787,10,Pierre GASLY,Alpine,13,,0,,285,325,322,253.4651163,287.4821429,282.4186047,Race,Melbourne,Australia,2023
7787,31,Esteban OCON,Alpine,14,,0,,280,336,311,245.4347826,282.0535714,278.1190476,Race,Melbourne,Australia,2023
7787,21,Nyck DE VRIES,AlphaTauri,15,,0,,277,325,310,250.4901961,278.8392857,273.9444444,Race,Melbourne,Australia,2023
7787,2,Logan SARGEANT,Williams,16,,0,,285,332,325,263.6226415,291.8035714,284.8113208,Race,Melbourne,Australia,2023
7787,20,Kevin MAGNUSSEN,Haas F1 Team,17,,0,,279,327,316,260.0638298,289.7307692,284.2826087,Race,Melbourne,Australia,2023
7787,23,Alexander ALBON,Williams,,,0,,280,306,301,252.8571429,257.3333333,243.4285714,Race,Melbourne,Australia,2023
7787,16,Charles LECLERC,Ferrari,,,0,,,,243,,,243,Race,Melbourne,Australia,2023
7787,63,George RUSSELL,Mercedes,,,0,,279,320,300,238.625,262.9411765,259.9411765,Race,Melbourne,Australia,2023
9181,1,Max VERSTAPPEN,Red Bull Racing,1,7350.814,1253.8,6097.014,298,291,354,281.5396825,276.7887324,319.9019608,Race,Mexico City,Mexico,2023
9181,44,Lewis HAMILTON,Mercedes,2,7364.689,1235.1,6129.589,297,288,349,273.0298507,274.7887324,317.0491803,Race,Mexico City,Mexico,2023
9181,16,Charles LECLERC,Ferrari,3,7373.938,1232.7,6141.238,295,284,330,281.0714286,275.4788732,318.2068966,Race,Mexico City,Mexico,2023
9181,55,Carlos SAINZ,Ferrari,4,7377.968,1237.4,6140.568,301,286,333,284.4032258,275.4929577,318.5471698,Race,Mexico City,Mexico,2023
9181,4,Lando NORRIS,McLaren,5,7384.08,1272.2,6111.88,311,291,360,272.8955224,277.5352113,327.3913043,Race,Mexico City,Mexico,2023
9181,63,George RUSSELL,Mercedes,6,7391.834,1240.5,6151.334,296,291,350,269.9714286,276.6901408,323,Race,Mexico City,Mexico,2023
9181,3,Daniel RICCIARDO,AlphaTauri,7,7392.384,1239.5,6152.884,307,291,348,279.6166667,276.943662,321,Race,Mexico City,Mexico,2023
9181,81,Oscar PIASTRI,McLaren,8,7393.918,1242.7,6151.218,309,287,344,276.3846154,275.6760563,319.8333333,Race,Mexico City,Mexico,2023
9181,23,Alexander ALBON,Williams,9,7399.387,1251.5,6147.887,302,291,353,280.6764706,278.5915493,327.6724138,Race,Mexico City,Mexico,2023
9181,31,Esteban OCON,Alpine,10,7413.693,1226.2,6187.493,305,288,351,280.238806,280.5070423,334.0344828,Race,Mexico City,Mexico,2023
9181,10,Pierre GASLY,Alpine,11,7417.022,1248.2,6168.822,302,289,352,284.5454545,279.2816901,329.3484848,Race,Mexico City,Mexico,2023
9181,22,Yuki TSUNODA,AlphaTauri,12,7429.796,1248.1,6181.696,311,295,355,280.9090909,278.2816901,328.8688525,Race,Mexico City,Mexico,2023
9181,27,Nico HULKENBERG,Haas F1 Team,13,7431.123,1242.9,6188.223,304,291,359,279.4516129,277.1830986,322.952381,Race,Mexico City,Mexico,2023
9181,24,ZHOU Guanyu,Alfa Romeo,14,7432.49,1252.3,6180.19,299,288,353,279.8142857,278.1126761,321.8392857,Race,Mexico City,Mexico,2023
9181,77,Valtteri BOTTAS,Alfa Romeo,15,7436.411,1252.9,6183.511,311,295,361,280.5,283.8450704,333.3382353,Race,Mexico City,Mexico,2023
9181,2,Logan SARGEANT,Williams,16,,1251.6,,308,291,360,281.203125,279.3380282,332.8064516,Race,Mexico City,Mexico,2023
9181,18,Lance STROLL,Aston Martin,17,,1252.1,,316,291,353,274.4126984,279.2424242,328.8703704,Race,Mexico City,Mexico,2023
9181,14,Fernando ALONSO,Aston Martin,,,1252.6,,304,288,351,274.7826087,277.2978723,321.4634146,Race,Mexico City,Mexico,2023
9181,20,Kevin MAGNUSSEN,Haas F1 Team,,,23.6,,300,289,357,286.6071429,281.5483871,334.0645161,Race,Mexico City,Mexico,2023
9181,11,Sergio PEREZ,Red Bull Racing,,,0,,251,270,312,251,270,312,Race,Mexico City,Mexico,2023
9078,1,Max VERSTAPPEN,Red Bull Racing,1,5258.241,0,5258.241,218,191,341,213.8205128,187.5789474,313.754386,Race,Miami,United States,2023
9078,11,Sergio PEREZ,Red Bull Racing,2,5263.625,0,5263.625,216,189,324,211.9166667,185.9649123,309.877193,Race,Miami,United States,2023
9078,14,Fernando ALONSO,Aston Martin,3,5284.546,0,5284.546,216,189,326,212.1041667,186.754386,313.7368421,Race,Miami,United States,2023
9078,63,George RUSSELL,Mercedes,4,5291.47,0,5291.47,217,189,335,212.3921569,186.3333333,316.9824561,Race,Miami,United States,2023
9078,55,Carlos SAINZ,Ferrari,5,5300.752,0,5300.752,218,191,337,213.2745098,186.9824561,317.7368421,Race,Miami,United States,2023
9078,44,Lewis HAMILTON,Mercedes,6,5309.49,0,5309.49,216,191,337,211.42,186.754386,316.5263158,Race,Miami,United States,2023
9078,16,Charles LECLERC,Ferrari,7,5311.229,0,5311.229,217,188,338,213.7333333,185.6140351,316.4912281,Race,Miami,United States,2023
9078,10,Pierre GASLY,Alpine,8,5313.911,0,5313.911,217,189,333,213.3695652,186.2631579,312.2631579,Race,Miami,United States,2023
9078,31,Esteban OCON,Alpine,9,5316.364,0,5316.364,217,189,335,213.6444444,185.9122807,316.9298246,Race,Miami,United States,2023
9078,20,Kevin MAGNUSSEN,Haas F1 Team,10,5321.186,0,5321.186,216,188,334,211.26,184.8245614,317.6842105,Race,Miami,United States,2023
9078,22,Yuki TSUNODA,AlphaTauri,11,5322.55,0,5322.55,217,191,342,213.0232558,186.2807018,321.122807,Race,Miami,United States,2023
9078,18,Lance STROLL,Aston Martin,12,5322.995,0,5322.995,216,191,348,210.5909091,186.0877193,321.7719298,Race,Miami,United States,2023
9078,77,Valtteri BOTTAS,Alfa Romeo,13,5329.878,0,5329.878,218,190,336,215.0212766,187.0877193,312.2105263,Race,Miami,United States,2023
9078,23,Alexander ALBON,Williams,14,5331.102,0,5331.102,216,186,332,211.0769231,184.5263158,319.1929825,Race,Miami,United States,2023
9078,27,Nico HULKENBERG,Haas F1 Team,15,5333.191,0,5333.191,219,190,338,212.22,185.8070175,320.5614035,Race,Miami,United States,2023
9078,24,ZHOU Guanyu,Alfa Romeo,16,5336.681,0,5336.681,217,188,344,211.6888889,185.5263158,314.877193,Race,Miami,United States,2023
9078,4,Lando NORRIS,McLaren,17,5345.958,0,5345.958,215,187,332,210.3061224,184.9122807,305.5438596,Race,Miami,United States,2023
9078,21,Nyck DE VRIES,AlphaTauri,18,5347.19,0,5347.19,217,188,321,212.0714286,185.2280702,311.6842105,Race,Miami,United States,2023
9078,81,Oscar PIASTRI,McLaren,19,,0,,216,189,328,211.8604651,185.625,298.8035714,Race,Miami,United States,2023
9078,2,Logan SARGEANT,Williams,20,,0,,215,187,323,211.25,184.375,314.2321429,Race,Miami,United States,2023
9094,1,Max VERSTAPPEN,Red Bull Racing,1,6531.98,0,6531.98,206,197,271,178.3428571,174.9230769,263.8717949,Race,Monaco,Monaco,2023
9094,14,Fernando ALONSO,Aston Martin,2,6559.901,0,6559.901,212,192,282,179.2089552,175.1025641,273.6923077,Race,Monaco,Monaco,2023
9094,31,Esteban OCON,Alpine,3,6568.97,0,6568.97,199,195,283,170.7837838,175.4358974,270.9615385,Race,Monaco,Monaco,2023
9094,44,Lewis HAMILTON,Mercedes,4,6571.042,0,6571.042,209,194,283,172.8169014,177.1923077,273.3461538,Race,Monaco,Monaco,2023
9094,63,George RUSSELL,Mercedes,5,6588.264,0,6588.264,202,196,286,173.6428571,173.7820513,275.5897436,Race,Monaco,Monaco,2023
9094,16,Charles LECLERC,Ferrari,6,6593.87,0,6593.87,209,192,283,181.8611111,172.3461538,273.0384615,Race,Monaco,Monaco,2023
9094,10,Pierre GASLY,Alpine,7,6594.342,0,6594.342,210,193,284,178.4558824,174.7820513,275.1666667,Race,Monaco,Monaco,2023
9094,55,Carlos SAINZ,Ferrari,8,6595.371,0,6595.371,206,194,288,180.0714286,173.9358974,278.2051282,Race,Monaco,Monaco,2023
9094,4,Lando NORRIS,McLaren,9,,0,,207,193,282,178.1285714,175.5454545,275.5844156,Race,Monaco,Monaco,2023
9094,81,Oscar PIASTRI,McLaren,10,,0,,204,190,283,175.3676471,171.2467532,275.7272727,Race,Monaco,Monaco,2023
9094,77,Valtteri BOTTAS,Alfa Romeo,11,,0,,204,189,286,177.9583333,172.1038961,273.8701299,Race,Monaco,Monaco,2023
9094,21,Nyck DE VRIES,AlphaTauri,12,,0,,205,194,283,173.7222222,173.3766234,273.9090909,Race,Monaco,Monaco,2023
9094,24,ZHOU Guanyu,Alfa Romeo,13,,0,,203,193,285,173.3513514,173.7272727,275.7792208,Race,Monaco,Monaco,2023
9094,23,Alexander ALBON,Williams,14,,0,,201,190,287,169.1506849,171.6493506,275.6753247,Race,Monaco,Monaco,2023
9094,22,Yuki TSUNODA,AlphaTauri,15,,0,,205,195,279,175.1408451,174.4342105,263.1184211,Race,Monaco,Monaco,2023
9094,11,Sergio PEREZ,Red Bull Racing,16,,0,,202,196,286,167.2,172.8026316,268.3289474,Race,Monaco,Monaco,2023
9094,27,Nico HULKENBERG,Haas F1 Team,17,,0,,205,192,286,174.9545455,170.9736842,274.8815789,Race,Monaco,Monaco,2023
9094,2,Logan SARGEANT,Williams,18,,0,,201,189,286,169.9305556,170.8947368,268.2631579,Race,Monaco,Monaco,2023
9094,20,Kevin MAGNUSSEN,Haas F1 Team,19,,0,,204,193,285,176.28125,170.9295775,272.6197183,Race,Monaco,Monaco,2023
9094,18,Lance STROLL,Aston Martin,,,0,,204,189,286,186.6603774,182.7169811,276.7924528,Race,Monaco,Monaco,2023
9110,1,Max VERSTAPPEN,Red Bull Racing,1,5638.348,47.5,5590.848,258,280,330,238.74,265.9571429,295.5142857,Race,Montréal,Canada,2023
9110,14,Fernando ALONSO,Aston Martin,2,5647.918,47.9,5600.018,259,281,327,243.1355932,268.7428571,295.8571429,Race,Montréal,Canada,2023
9110,44,Lewis HAMILTON,Mercedes,3,5652.516,48,5604.516,259,282,323,242.21875,271.9,295.6428571,Race,Montréal,Canada,2023
9110,16,Charles LECLERC,Ferrari,4,5656.996,24.3,5632.696,261,282,339,243.8214286,269.7571429,303.1428571,Race,Montréal,Canada,2023
9110,55,Carlos SAINZ,Ferrari,5,5659.888,24.1,5635.788,260,282,337,244.7966102,270.5285714,306.6285714,Race,Montréal,Canada,2023
9110,11,Sergio PEREZ,Red Bull Racing,6,5689.376,46.4,5642.976,257,281,336,239.6603774,266.2714286,302.6,Race,Montréal,Canada,2023
9110,23,Alexander ALBON,Williams,7,5699.161,25,5674.161,257,284,343,246.7058824,275.9714286,309.2857143,Race,Montréal,Canada,2023
9110,31,Esteban OCON,Alpine,8,5700.04,48,5652.04,260,282,324,239.9111111,264.5285714,295.9285714,Race,Montréal,Canada,2023
9110,18,Lance STROLL,Aston Martin,9,5702.75,47.5,5655.25,260,285,339,244.6,275.0714286,306.6142857,Race,Montréal,Canada,2023
9110,77,Valtteri BOTTAS,Alfa Romeo,10,5702.78,24,5678.78,259,282,333,245.0384615,268.3857143,303.1714286,Race,Montréal,Canada,2023
9110,81,Oscar PIASTRI,McLaren,11,5703.449,48.2,5655.249,253,284,333,237.7833333,272.6,301.8285714,Race,Montréal,Canada,2023
9110,10,Pierre GASLY,Alpine,12,5703.597,51.6,5651.997,255,282,336,242.3454545,267.8,307.0142857,Race,Montréal,Canada,2023
9110,4,Lando NORRIS,McLaren,13,5706.711,49.3,5657.411,260,286,334,244.9846154,274,309.1571429,Race,Montréal,Canada,2023
9110,22,Yuki TSUNODA,AlphaTauri,14,5711.771,51.1,5660.671,259,283,334,247.4375,274.7714286,302.1857143,Race,Montréal,Canada,2023
9110,27,Nico HULKENBERG,Haas F1 Team,15,,49,,259,282,335,243.4333333,272.173913,301.0289855,Race,Montréal,Canada,2023
9110,24,ZHOU Guanyu,Alfa Romeo,16,,51.6,,259,283,340,243.7,271.2608696,306.3043478,Race,Montréal,Canada,2023
9110,20,Kevin MAGNUSSEN,Haas F1 Team,17,,49.4,,259,282,337,245.1481481,265.9130435,304.8405797,Race,Montréal,Canada,2023
9110,21,Nyck DE VRIES,AlphaTauri,18,,48.6,,259,284,338,244.3076923,274.9565217,309.4637681,Race,Montréal,Canada,2023
9110,63,George RUSSELL,Mercedes,,,88.9,,259,284,334,245.72,269.537037,303.2037037,Race,Montréal,Canada,2023
9110,2,Logan SARGEANT,Williams,,,0,,248,281,334,235.3333333,280.5,327.8333333,Race,Montréal,Canada,2023
9157,1,Max VERSTAPPEN,Red Bull Racing,1,4421.143,24.2,4396.943,320,322,347,310.9736842,313.8431373,312.9574468,Race,Monza,Italy,2023
9157,11,Sergio PEREZ,Red Bull Racing,2,4427.207,23.8,4403.407,330,336,354,314.0204082,320.5686275,322.8367347,Race,Monza,Italy,2023
9157,55,Carlos SAINZ,Ferrari,3,4432.336,25.1,4407.236,327,341,336,310.8372093,309.5294118,317.4047619,Race,Monza,Italy,2023
9157,16,Charles LECLERC,Ferrari,4,4432.52,23.9,4408.62,333,342,354,315.1627907,322.8627451,326.7608696,Race,Monza,Italy,2023
9157,63,George RUSSELL,Mercedes,5,4444.171,24.2,4419.971,328,328,334,313.2765957,313.627451,316.3636364,Race,Monza,Italy,2023
9157,44,Lewis HAMILTON,Mercedes,6,4463.822,24.2,4439.622,327,337,359,313.8979592,316.254902,318.5531915,Race,Monza,Italy,2023
9157,23,Alexander ALBON,Williams,7,4466.249,24.5,4441.749,333,318,334,315.875,313.5686275,320.4468085,Race,Monza,Italy,2023
9157,4,Lando NORRIS,McLaren,8,4466.592,23.7,4442.892,324,330,346,311.8888889,317.5098039,319.3636364,Race,Monza,Italy,2023
9157,14,Fernando ALONSO,Aston Martin,9,4467.437,24.7,4442.737,333,332,351,317.3333333,316.8431373,321.2083333,Race,Monza,Italy,2023
9157,77,Valtteri BOTTAS,Alfa Romeo,10,4485.199,24.6,4460.599,330,334,351,311.9,317.32,320.9767442,Race,Monza,Italy,2023
9157,40,Liam LAWSON,AlphaTauri,11,4491.781,48.4,4443.381,323,335,349,313.2619048,315.82,318.5531915,Race,Monza,Italy,2023
9157,81,Oscar PIASTRI,McLaren,12,4494.217,55.8,4438.417,326,329,347,314.5116279,314.46,320.2916667,Race,Monza,Italy,2023
9157,2,Logan SARGEANT,Williams,13,4499.7,24.7,4475,332,335,343,318.6304348,318.88,325,Race,Monza,Italy,2023
9157,24,ZHOU Guanyu,Alfa Romeo,14,4501.307,50.2,4451.107,328,334,338,312.1891892,317.8,318.2682927,Race,Monza,Italy,2023
9157,10,Pierre GASLY,Alpine,15,4503.653,51.9,4451.753,324,327,347,307.7272727,310.24,314.475,Race,Monza,Italy,2023
9157,18,Lance STROLL,Aston Martin,16,4508.409,25.6,4482.809,330,329,351,314.9130435,313.14,319.6734694,Race,Monza,Italy,2023
9157,27,Nico HULKENBERG,Haas F1 Team,17,,50.3,,319,324,328,309.8055556,311.26,311.5116279,Race,Monza,Italy,2023
9157,20,Kevin MAGNUSSEN,Haas F1 Team,18,,49.3,,328,334,330,307.1,314.06,311.1363636,Race,Monza,Italy,2023
9157,31,Esteban OCON,Alpine,,,24.2,,327,323,344,306.2142857,307.7948718,316.137931,Race,Monza,Italy,2023
9157,22,Yuki TSUNODA,AlphaTauri,,,0,,,,,,,,Race,Monza,Italy,2023
7953,1,Max VERSTAPPEN,Red Bull Racing,1,5636.736,0,5636.736,237,262,303,232.0714286,241.7368421,288.16,Race,Sakhir,Bahrain,2023
7953,11,Sergio PEREZ,Red Bull Racing,2,5648.723,0,5648.723,238,263,330,233.8918919,244.6842105,292.2745098,Race,Sakhir,Bahrain,2023
7953,14,Fernando ALONSO,Aston Martin,3,5675.373,0,5675.373,238,259,328,227.25,246.3508772,301.1590909,Race,Sakhir,Bahrain,2023
7953,55,Carlos SAINZ,Ferrari,4,5684.788,0,5684.788,235,256,324,226.547619,244.4385965,297.452381,Race,Sakhir,Bahrain,2023
7953,44,Lewis HAMILTON,Mercedes,5,5687.713,0,5687.713,241,264,333,230.4666667,247.1578947,306.1489362,Race,Sakhir,Bahrain,2023
7953,18,Lance STROLL,Aston Martin,6,5691.238,0,5691.238,235,261,324,227.7272727,245,296.94,Race,Sakhir,Bahrain,2023
7953,63,George RUSSELL,Mercedes,7,5692.609,0,5692.609,238,265,325,227.9787234,249.9298246,302,Race,Sakhir,Bahrain,2023
7953,77,Valtteri BOTTAS,Alfa Romeo,8,5709.383,0,5709.383,235,261,320,228.1395349,246.2631579,287.9056604,Race,Sakhir,Bahrain,2023
7953,10,Pierre GASLY,Alpine,9,5710.489,0,5710.489,235,255,327,226.6052632,248.6315789,297.98,Race,Sakhir,Bahrain,2023
7953,23,Alexander ALBON,Williams,10,5726.51,0,5726.51,240,261,324,230.5555556,247.0877193,304.5319149,Race,Sakhir,Bahrain,2023
7953,22,Yuki TSUNODA,AlphaTauri,11,5727.606,0,5727.606,236,263,323,228.5686275,252.4912281,304.54,Race,Sakhir,Bahrain,2023
7953,2,Logan SARGEANT,Williams,12,,0,,239,259,328,230.7111111,247.7678571,302.8571429,Race,Sakhir,Bahrain,2023
7953,20,Kevin MAGNUSSEN,Haas F1 Team,13,,0,,235,258,315,230.7560976,246.8392857,294.3125,Race,Sakhir,Bahrain,2023
7953,21,Nyck DE VRIES,AlphaTauri,14,,0,,234,251,320,229.0769231,243.375,293.4,Race,Sakhir,Bahrain,2023
7953,27,Nico HULKENBERG,Haas F1 Team,15,,0,,237,259,328,230.2682927,248.6964286,296.5555556,Race,Sakhir,Bahrain,2023
7953,24,ZHOU Guanyu,Alfa Romeo,16,,0,,239,268,327,228.7727273,243.9642857,296.372549,Race,Sakhir,Bahrain,2023
7953,4,Lando NORRIS,McLaren,17,,0,,237,266,325,227.1590909,246.0181818,287.1372549,Race,Sakhir,Bahrain,2023
7953,16,Charles LECLERC,Ferrari,,,0,,230,255,324,227.9642857,243.425,297.6470588,Race,Sakhir,Bahrain,2023
7953,31,Esteban OCON,Alpine,,,0,,233,255,329,225,246.4390244,288.75,Race,Sakhir,Bahrain,2023
7953,81,Oscar PIASTRI,McLaren,,,0,,233,247,327,220.7692308,236.0769231,306.5384615,Race,Sakhir,Bahrain,2023
9126,1,Max VERSTAPPEN,Red Bull Racing,1,5116.938,29,5087.938,320,264,318,273.7027027,250.2307692,281,Race,Silverstone,United Kingdom,2023
9126,4,Lando NORRIS,McLaren,2,5120.736,28.4,5092.336,308,263,311,276.95,249.1153846,283.6153846,Race,Silverstone,United Kingdom,2023
9126,44,Lewis HAMILTON,Mercedes,3,5123.721,29.1,5094.621,322,262,323,276.8913043,245.6923077,289.7307692,Race,Silverstone,United Kingdom,2023
9126,81,Oscar PIASTRI,McLaren,4,5124.714,28.6,5096.114,313,263,322,280.0697674,247.3846154,290.7692308,Race,Silverstone,United Kingdom,2023
9126,63,George RUSSELL,Mercedes,5,5128.144,29.4,5098.744,321,265,324,283.1590909,250.75,295.1153846,Race,Silverstone,United Kingdom,2023
9126,11,Sergio PEREZ,Red Bull Racing,6,5129.82,28,5101.82,321,265,338,283.9183673,245.6730769,295,Race,Silverstone,United Kingdom,2023
9126,14,Fernando ALONSO,Aston Martin,7,5134.131,28.6,5105.531,318,261,322,281.0263158,246.4807692,293.5769231,Race,Silverstone,United Kingdom,2023
9126,23,Alexander ALBON,Williams,8,5134.816,29.6,5105.216,322,263,330,286.9583333,245.9615385,297.6153846,Race,Silverstone,United Kingdom,2023
9126,16,Charles LECLERC,Ferrari,9,5135.627,57,5078.627,331,264,330,283.8333333,246.4038462,294.3269231,Race,Silverstone,United Kingdom,2023
9126,55,Carlos SAINZ,Ferrari,10,5136.386,28.8,5107.586,330,264,323,279.097561,245.5,291.7692308,Race,Silverstone,United Kingdom,2023
9126,2,Logan SARGEANT,Williams,11,5140.57,28.8,5111.77,325,263,332,291.2093023,243.6923077,299.0192308,Race,Silverstone,United Kingdom,2023
9126,77,Valtteri BOTTAS,Alfa Romeo,12,5142.768,29.6,5113.168,314,262,323,275.5405405,243.3846154,287.1346154,Race,Silverstone,United Kingdom,2023
9126,27,Nico HULKENBERG,Haas F1 Team,13,5143.601,71.9,5071.701,317,263,328,283.725,243.25,293.6153846,Race,Silverstone,United Kingdom,2023
9126,18,Lance STROLL,Aston Martin,14,5144.421,28.5,5115.921,320,263,333,286.5102041,245.7692308,295.1730769,Race,Silverstone,United Kingdom,2023
9126,24,ZHOU Guanyu,Alfa Romeo,15,5146.758,92.1,5054.658,315,264,331,281.7142857,245.3461538,295.4038462,Race,Silverstone,United Kingdom,2023
9126,22,Yuki TSUNODA,AlphaTauri,16,5148.163,56.9,5091.263,323,260,330,284.0697674,243.7884615,294,Race,Silverstone,United Kingdom,2023
9126,21,Nyck DE VRIES,AlphaTauri,17,5150.066,56.6,5093.466,321,263,334,286.5581395,242.5576923,299.7884615,Race,Silverstone,United Kingdom,2023
9126,10,Pierre GASLY,Alpine,18,,28.4,,316,259,318,268.4857143,237.8043478,289.5217391,Race,Silverstone,United Kingdom,2023
9126,31,Esteban OCON,Alpine,,,0,,309,256,318,293.75,253.7777778,301,Race,Silverstone,United Kingdom,2023
9126,20,Kevin MAGNUSSEN,Haas F1 Team,,,0,,313,255,322,295.8214286,251.1935484,300.2903226,Race,Silverstone,United Kingdom,2023
9141,1,Max VERSTAPPEN,Red Bull Racing,1,4950.45,45.8,4904.65,341,204,308,310.4324324,191.8409091,293.2682927,Race,Spa-Francorchamps,Belgium,2023
9141,11,Sergio PEREZ,Red Bull Racing,2,4972.755,46.3,4926.455,314,197,307,305.8536585,190.6136364,296.2926829,Race,Spa-Francorchamps,Belgium,2023
9141,16,Charles LECLERC,Ferrari,3,4982.709,46.3,4936.409,315,203,310,305.3589744,190.75,302.8,Race,Spa-Francorchamps,Belgium,2023
9141,44,Lewis HAMILTON,Mercedes,4,5000.121,69.1,4931.021,324,199,312,311.1081081,188.1136364,307.3783784,Race,Spa-Francorchamps,Belgium,2023
9141,14,Fernando ALONSO,Aston Martin,5,5006.634,46.7,4959.934,334,196,312,308.2702703,188.5909091,304.969697,Race,Spa-Francorchamps,Belgium,2023
9141,63,George RUSSELL,Mercedes,6,5013.551,23.8,4989.751,346,196,313,311.6923077,187.4772727,303.8888889,Race,Spa-Francorchamps,Belgium,2023
9141,4,Lando NORRIS,McLaren,7,5024.169,48.7,4975.469,330,198,309,307.2894737,186.9545455,302.4857143,Race,Spa-Francorchamps,Belgium,2023
9141,31,Esteban OCON,Alpine,8,5025.169,46.3,4978.869,347,195,318,320.7179487,186.7727273,308.2564103,Race,Spa-Francorchamps,Belgium,2023
9141,18,Lance STROLL,Aston Martin,9,5029.79,25.3,5004.49,343,194,309,310.6666667,185.9545455,303.9444444,Race,Spa-Francorchamps,Belgium,2023
9141,22,Yuki TSUNODA,AlphaTauri,10,5030.671,45.3,4985.371,340,195,313,315.85,189.0454545,308,Race,Spa-Francorchamps,Belgium,2023
9141,10,Pierre GASLY,Alpine,11,5033.534,25.6,5007.934,355,193,319,322.1666667,182.0454545,308.8484848,Race,Spa-Francorchamps,Belgium,2023
9141,77,Valtteri BOTTAS,Alfa Romeo,12,5035.641,47,4988.641,342,194,315,320.45,185.1818182,306.5405405,Race,Spa-Francorchamps,Belgium,2023
9141,24,ZHOU Guanyu,Alfa Romeo,13,5045.891,48.4,4997.491,345,199,319,323.7619048,187,311.225,Race,Spa-Francorchamps,Belgium,2023
9141,23,Alexander ALBON,Williams,14,5046.634,72,4974.634,345,197,320,330.3170732,184.8636364,313.6388889,Race,Spa-Francorchamps,Belgium,2023
9141,20,Kevin MAGNUSSEN,Haas F1 Team,15,5052.204,47.1,5005.104,343,194,314,315.7714286,182.9772727,307.4137931,Race,Spa-Francorchamps,Belgium,2023
9141,3,Daniel RICCIARDO,AlphaTauri,16,5053.521,46,5007.521,342,192,317,322.3333333,185.4545455,306.9444444,Race,Spa-Francorchamps,Belgium,2023
9141,2,Logan SARGEANT,Williams,17,5054.926,70.5,4984.426,353,194,323,332.1025641,185.5454545,313.6944444,Race,Spa-Francorchamps,Belgium,2023
9141,27,Nico HULKENBERG,Haas F1 Team,18,5060.9,49.7,5011.2,343,193,317,319.8947368,183.9772727,309.6969697,Race,Spa-Francorchamps,Belgium,2023
9141,55,Carlos SAINZ,Ferrari,,,23.3,,333,193,312,316.0555556,183.0434783,304.9047619,Race,Spa-Francorchamps,Belgium,2023
9141,81,Oscar PIASTRI,McLaren,,,0,,109,,,109,,,Race,Spa-Francorchamps,Belgium,2023
9118,1,Max VERSTAPPEN,Red Bull Racing,1,5133.607,80.5,5053.107,320,244,321,289.984375,228.2535211,294.2816901,Race,Spielberg,Austria,2023
9118,16,Charles LECLERC,Ferrari,2,5138.762,61.1,5077.662,305,237,312,293.2222222,227.2957746,294.1126761,Race,Spielberg,Austria,2023
9118,11,Sergio PEREZ,Red Bull Racing,3,5150.795,60.2,5090.595,330,234,325,304.2786885,223.7323944,299.2676056,Race,Spielberg,Austria,2023
9118,4,Lando NORRIS,McLaren,4,5159.934,61.2,5098.734,319,237,316,300.4666667,224.7464789,297.1267606,Race,Spielberg,Austria,2023
9118,14,Fernando ALONSO,Aston Martin,5,5163.924,60.8,5103.124,311,236,307,294.0508475,224.2112676,291.8309859,Race,Spielberg,Austria,2023
9118,55,Carlos SAINZ,Ferrari,6,5164.984,71,5093.984,324,236,322,294.7321429,225.0422535,296.1408451,Race,Spielberg,Austria,2023
9118,63,George RUSSELL,Mercedes,7,5182.01,61.8,5120.21,325,234,319,296.8360656,222.6478873,295.0985915,Race,Spielberg,Austria,2023
9118,44,Lewis HAMILTON,Mercedes,8,5182.803,66,5116.803,324,233,318,298.1076923,222.5211268,291.2394366,Race,Spielberg,Austria,2023
9118,18,Lance STROLL,Aston Martin,9,5192.65,84.7,5107.95,324,235,317,299.2461538,222.4647887,296.3802817,Race,Spielberg,Austria,2023
9118,10,Pierre GASLY,Alpine,10,5201.274,65.9,5135.374,318,234,315,291.1489362,225.3661972,291.3943662,Race,Spielberg,Austria,2023
9118,23,Alexander ALBON,Williams,11,5213.374,65.8,5147.574,323,233,318,301.6769231,223.3380282,297.7464789,Race,Spielberg,Austria,2023
9118,24,ZHOU Guanyu,Alfa Romeo,12,,63.6,,321,233,315,295.704918,222.9285714,292.5714286,Race,Spielberg,Austria,2023
9118,2,Logan SARGEANT,Williams,13,,61.9,,325,234,315,301.6,224.0142857,298.0714286,Race,Spielberg,Austria,2023
9118,31,Esteban OCON,Alpine,14,,70.5,,331,233,320,292.1754386,224.5142857,294.5714286,Race,Spielberg,Austria,2023
9118,77,Valtteri BOTTAS,Alfa Romeo,15,,70.7,,323,230,321,297.109375,220.7428571,296.7428571,Race,Spielberg,Austria,2023
9118,81,Oscar PIASTRI,McLaren,16,,91.9,,325,233,319,301.4545455,221.4285714,299.7285714,Race,Spielberg,Austria,2023
9118,21,Nyck DE VRIES,AlphaTauri,17,,59.3,,318,232,316,295.3103448,221.3,298.1285714,Race,Spielberg,Austria,2023
9118,20,Kevin MAGNUSSEN,Haas F1 Team,18,,74.3,,322,229,318,298.515625,221.2898551,298.5714286,Race,Spielberg,Austria,2023
9118,22,Yuki TSUNODA,AlphaTauri,19,,94.3,,324,232,320,294.5555556,219.5285714,296.0857143,Race,Spielberg,Austria,2023
9118,27,Nico HULKENBERG,Haas F1 Team,,,38.5,,312,227,312,285.1538462,202.6666667,297.5833333,Race,Spielberg,Austria,2023
9173,1,Max VERSTAPPEN,Red Bull Racing,1,5458.421,47.9,5410.521,282,302,302,266.8636364,287.3018868,279.3018868,Race,Suzuka,Japan,2023
9173,4,Lando NORRIS,McLaren,2,5477.808,46.6,5431.208,282,307,303,266.2653061,287.2830189,284.3773585,Race,Suzuka,Japan,2023
9173,81,Oscar PIASTRI,McLaren,3,5494.915,47.5,5447.415,283,309,312,268.8571429,288.8867925,284.509434,Race,Suzuka,Japan,2023
9173,16,Charles LECLERC,Ferrari,4,5502.419,46,5456.419,280,306,308,268.5777778,288.4528302,287.1698113,Race,Suzuka,Japan,2023
9173,44,Lewis HAMILTON,Mercedes,5,5507.797,48.4,5459.397,280,314,305,265.4468085,288.2830189,285.5849057,Race,Suzuka,Japan,2023
9173,55,Carlos SAINZ,Ferrari,6,5508.642,46.3,5462.342,280,305,311,268.1555556,290.1509434,289.0943396,Race,Suzuka,Japan,2023
9173,63,George RUSSELL,Mercedes,7,5516.08,24,5492.08,280,306,303,265.5384615,290.245283,284.1886792,Race,Suzuka,Japan,2023
9173,14,Fernando ALONSO,Aston Martin,8,5533.146,48.2,5484.946,277,302,304,266.8636364,288.2641509,284.9056604,Race,Suzuka,Japan,2023
9173,31,Esteban OCON,Alpine,9,5538.099,50.7,5487.399,277,307,307,261.3589744,290.8113208,288.0377358,Race,Suzuka,Japan,2023
9173,10,Pierre GASLY,Alpine,10,5541.576,49,5492.576,279,308,308,263.1304348,290.6792453,287.0943396,Race,Suzuka,Japan,2023
9173,40,Liam LAWSON,AlphaTauri,11,,46.7,,278,300,302,264.375,288.3269231,280.9038462,Race,Suzuka,Japan,2023
9173,22,Yuki TSUNODA,AlphaTauri,12,,46.2,,280,300,301,267.625,286.8653846,281.5192308,Race,Suzuka,Japan,2023
9173,24,ZHOU Guanyu,Alfa Romeo,13,,89.1,,275,301,302,260.8717949,286.4423077,280.5769231,Race,Suzuka,Japan,2023
9173,27,Nico HULKENBERG,Haas F1 Team,14,,70.4,,277,303,305,267.5227273,288.4423077,284.0384615,Race,Suzuka,Japan,2023
9173,20,Kevin MAGNUSSEN,Haas F1 Team,15,,47.6,,277,302,304,266.2682927,287.0384615,282.5961538,Race,Suzuka,Japan,2023
9173,23,Alexander ALBON,Williams,,,102.2,,278,305,294,265.4736842,284.9230769,263.6153846,Race,Suzuka,Japan,2023
9173,18,Lance STROLL,Aston Martin,,,23.4,,273,305,308,250.4,279.05,266,Race,Suzuka,Japan,2023
9173,2,Logan SARGEANT,Williams,,,111.6,,280,305,304,269.2105263,271.7727273,264.1363636,Race,Suzuka,Japan,2023
9173,11,Sergio PEREZ,Red Bull Racing,,,2590.3,,278,309,309,244.9285714,255.8,238.6666667,Race,Suzuka,Japan,2023
9173,77,Valtteri BOTTAS,Alfa Romeo,,,109.3,,275,292,252,229.1428571,214.7142857,196.1428571,Race,Suzuka,Japan,2023
9205,1,Max VERSTAPPEN,Red Bull Racing,1,7008.894,1467.3,5541.594,305,250,315,295.4901961,241.1830986,286.7,Race,São Paulo,Brazil,2023
9205,4,Lando NORRIS,McLaren,2,7017.171,1471.3,5545.871,318,261,314,298.9508197,247.1690141,287.8636364,Race,São Paulo,Brazil,2023
9205,14,Fernando ALONSO,Aston Martin,3,7043.049,1474.5,5568.549,324,258,328,297.7213115,244.2816901,292.9824561,Race,São Paulo,Brazil,2023
9205,11,Sergio PEREZ,Red Bull Racing,4,7043.102,1479.1,5564.002,325,258,328,308.6666667,244.1549296,299.7704918,Race,São Paulo,Brazil,2023
9205,18,Lance STROLL,Aston Martin,5,7049.739,1477.1,5572.639,319,255,326,304.0392157,243.2535211,293.4444444,Race,São Paulo,Brazil,2023
9205,55,Carlos SAINZ,Ferrari,6,7059.082,1483.9,5575.182,327,255,324,308.9056604,244.4084507,302.5555556,Race,São Paulo,Brazil,2023
9205,10,Pierre GASLY,Alpine,7,7064.987,1485.9,5579.087,322,254,331,308.1754386,242.6197183,297.8769231,Race,São Paulo,Brazil,2023
9205,44,Lewis HAMILTON,Mercedes,8,7071.753,1472.3,5599.453,321,252,319,295.1967213,242.5352113,284.2258065,Race,São Paulo,Brazil,2023
9205,22,Yuki TSUNODA,AlphaTauri,9,7078.774,1486.8,5591.974,323,250,329,306.6037736,242.9577465,295.9836066,Race,São Paulo,Brazil,2023
9205,31,Esteban OCON,Alpine,10,,1508.8,,322,251,325,303.3220339,240.0714286,292.6607143,Race,São Paulo,Brazil,2023
9205,2,Logan SARGEANT,Williams,11,,1497,,325,250,312,301.3770492,242.8714286,295.5081967,Race,São Paulo,Brazil,2023
9205,27,Nico HULKENBERG,Haas F1 Team,12,,1503.4,,323,253,324,298.4354839,238.9142857,290.1724138,Race,São Paulo,Brazil,2023
9205,3,Daniel RICCIARDO,AlphaTauri,13,,1656.8,,323,254,323,306.5964912,241.9857143,296.21875,Race,São Paulo,Brazil,2023
9205,81,Oscar PIASTRI,McLaren,14,,1669.2,,325,259,320,304.9122807,247.057971,290.537037,Race,São Paulo,Brazil,2023
9205,23,Alexander ALBON,Williams,,,0,,,,229,,,229,Race,São Paulo,Brazil,2023
9205,16,Charles LECLERC,Ferrari,,,0,,,,,,,,Race,São Paulo,Brazil,2023
9205,63,George RUSSELL,Mercedes,,,1478.9,,317,252,310,300.8888889,239.122807,288.8125,Race,São Paulo,Brazil,2023
9205,20,Kevin MAGNUSSEN,Haas F1 Team,,,0,,,,232,,,232,Race,São Paulo,Brazil,2023
9205,77,Valtteri BOTTAS,Alfa Romeo,,,1462.8,,322,248,327,303.5142857,237.3846154,295.1176471,Race,São Paulo,Brazil,2023
9205,24,ZHOU Guanyu,Alfa Romeo,,,1465,,322,248,316,302.047619,234.3181818,284.9444444,Race,São Paulo,Brazil,2023
9197,1,Max VERSTAPPEN,Red Bull Racing,1,5222.624,42.8,5179.824,291,322,323,285.5333333,296.2413793,299.7931034,Race,Yas Island,United Arab Emirates,2023
9197,16,Charles LECLERC,Ferrari,2,5240.617,43.1,5197.517,291,317,331,285.1020408,299.3965517,305.1551724,Race,Yas Island,United Arab Emirates,2023
9197,63,George RUSSELL,Mercedes,3,5242.952,43.6,5199.352,293,321,326,288.2222222,302.9655172,305.2586207,Race,Yas Island,United Arab Emirates,2023
9197,11,Sergio PEREZ,Red Bull Racing,4,5244.077,42.6,5201.477,295,330,333,287.24,302.4655172,309.7586207,Race,Yas Island,United Arab Emirates,2023
9197,4,Lando NORRIS,McLaren,5,5246.908,45.4,5201.508,295,325,330,288.5,300.2413793,305.2068966,Race,Yas Island,United Arab Emirates,2023
9197,81,Oscar PIASTRI,McLaren,6,5254.111,42.7,5211.411,296,318,335,289.3207547,304.0344828,307.2241379,Race,Yas Island,United Arab Emirates,2023
9197,14,Fernando ALONSO,Aston Martin,7,5262.136,44.2,5217.936,295,326,330,287.8536585,305.6724138,309.0344828,Race,Yas Island,United Arab Emirates,2023
9197,22,Yuki TSUNODA,AlphaTauri,8,5265.712,21.4,5244.312,290,322,318,285.125,297.6724138,301.9827586,Race,Yas Island,United Arab Emirates,2023
9197,44,Lewis HAMILTON,Mercedes,9,5267.048,44.1,5222.948,291,323,331,285.0232558,302.5517241,307.9655172,Race,Yas Island,United Arab Emirates,2023
9197,18,Lance STROLL,Aston Martin,10,5278.256,43.4,5234.856,292,323,327,287.9756098,295.1896552,307.0517241,Race,Yas Island,United Arab Emirates,2023
9197,3,Daniel RICCIARDO,AlphaTauri,11,5278.853,43.3,5235.553,291,322,324,285.3636364,299.2068966,304.2586207,Race,Yas Island,United Arab Emirates,2023
9197,31,Esteban OCON,Alpine,12,5288.997,22.1,5266.897,290,324,325,285.8666667,302.2758621,308.4482759,Race,Yas Island,United Arab Emirates,2023
9197,10,Pierre GASLY,Alpine,13,5292.984,46.4,5246.584,290,316,332,284.2826087,297.0862069,304.4137931,Race,Yas Island,United Arab Emirates,2023
9197,23,Alexander ALBON,Williams,14,5295.808,44,5251.808,295,327,335,288.9761905,305.8793103,313.3103448,Race,Yas Island,United Arab Emirates,2023
9197,27,Nico HULKENBERG,Haas F1 Team,15,5306.32,43.8,5262.52,288,311,322,282.0217391,295.0689655,299.5,Race,Yas Island,United Arab Emirates,2023
9197,2,Logan SARGEANT,Williams,16,5310.415,43.9,5266.515,295,328,335,289.3,307.3448276,310.9310345,Race,Yas Island,United Arab Emirates,2023
9197,24,ZHOU Guanyu,Alfa Romeo,17,5312.046,45.1,5266.946,289,317,325,284.0666667,295.1034483,302.8103448,Race,Yas Island,United Arab Emirates,2023
9197,55,Carlos SAINZ,Ferrari,18,,42.7,,290,319,333,282.28,298.8421053,303.2280702,Race,Yas Island,United Arab Emirates,2023
9197,77,Valtteri BOTTAS,Alfa Romeo,19,,22.6,,287,321,327,282.4772727,296.7192982,300.7719298,Race,Yas Island,United Arab Emirates,2023
9197,20,Kevin MAGNUSSEN,Haas F1 Team,20,,44.8,,290,322,335,283.8222222,297.3508772,302.2105263,Race,Yas Island,United Arab Emirates,2023
9149,1,Max VERSTAPPEN,Red Bull Racing,1,8644.411,2581.3,6063.111,289,266,305,259.1960784,250.5416667,272.5185185,Race,Zandvoort,Netherlands,2023
9149,14,Fernando ALONSO,Aston Martin,2,8648.155,2541.7,6106.455,289,277,323,261.245283,253.9027778,273.2622951,Race,Zandvoort,Netherlands,2023
9149,10,Pierre GASLY,Alpine,3,8651.469,2536.8,6114.669,289,277,324,264.3272727,255.7916667,274.6724138,Race,Zandvoort,Netherlands,2023
9149,11,Sergio PEREZ,Red Bull Racing,4,8654.479,2585.3,6069.179,287,266,303,258.5652174,252.6666667,273.9333333,Race,Zandvoort,Netherlands,2023
9149,55,Carlos SAINZ,Ferrari,5,8656.952,2522.6,6134.352,294,280,331,264.9655172,256.4861111,280.8387097,Race,Zandvoort,Netherlands,2023
9149,44,Lewis HAMILTON,Mercedes,6,8657.62,2511.2,6146.42,291,284,324,269.1538462,256.0277778,276.0634921,Race,Zandvoort,Netherlands,2023
9149,4,Lando NORRIS,McLaren,7,8657.643,2566.4,6091.243,295,279,322,269.078125,259.5277778,279.109375,Race,Zandvoort,Netherlands,2023
9149,23,Alexander ALBON,Williams,8,8659.566,2523.5,6136.066,290,278,327,263.5454545,251.5416667,276.55,Race,Zandvoort,Netherlands,2023
9149,81,Oscar PIASTRI,McLaren,9,8660.991,2533.3,6127.691,289,285,334,270.5873016,251.4305556,279.1269841,Race,Zandvoort,Netherlands,2023
9149,31,Esteban OCON,Alpine,10,8662.757,2552.4,6110.357,289,276,323,265.5625,251.4722222,274.7368421,Race,Zandvoort,Netherlands,2023
9149,18,Lance STROLL,Aston Martin,11,8664.498,2545.4,6119.098,292,280,311,270.7627119,254.4444444,276.2459016,Race,Zandvoort,Netherlands,2023
9149,27,Nico HULKENBERG,Haas F1 Team,12,8665.251,2507.1,6158.151,288,279,334,265.5932203,250.4722222,278.137931,Race,Zandvoort,Netherlands,2023
9149,40,Liam LAWSON,AlphaTauri,13,8670.558,2559,6111.558,286,278,312,264.7169811,252.0277778,278.6610169,Race,Zandvoort,Netherlands,2023
9149,77,Valtteri BOTTAS,Alfa Romeo,14,8671.799,2497.6,6174.199,290,280,329,263.4,253.0972222,279.09375,Race,Zandvoort,Netherlands,2023
9149,22,Yuki TSUNODA,AlphaTauri,15,8674.304,2521.5,6152.804,286,275,322,262.9166667,249.8055556,276.1451613,Race,Zandvoort,Netherlands,2023
9149,20,Kevin MAGNUSSEN,Haas F1 Team,16,8675.821,2520.7,6155.121,288,277,324,262.2075472,252.6388889,277.2,Race,Zandvoort,Netherlands,2023
9149,63,George RUSSELL,Mercedes,17,8700.165,2593.2,6106.965,289,281,323,269.2333333,252.3611111,277.9322034,Race,Zandvoort,Netherlands,2023
9149,16,Charles LECLERC,Ferrari,,,59.8,,291,279,316,275.5625,260.1219512,278.6315789,Race,Zandvoort,Netherlands,2023
9149,2,Logan SARGEANT,Williams,,,0,,281,269,300,247.3636364,246.5714286,251.0666667,Race,Zandvoort,Netherlands,2023
9149,24,ZHOU Guanyu,Alfa Romeo,,,85,,284,275,321,266.6078431,257.8064516,276.3508772,Race,Zandvoort,Netherlands,2023
9221,55,Carlos SAINZ,Ferrari,,,0,,,,,,,,,,,2023
9617,16,Charles LECLERC,Ferrari,1,5709.639,23.817,5685.822,228,186,333,215.4166667,178.8928571,298.6428571,Race,Austin,United States,2024
9617,55,Carlos SAINZ,Ferrari,2,5718.201,23.963,5694.238,221,185,330,209.3617021,178.8928571,296.4642857,Race,Austin,United States,2024
9617,1,Max VERSTAPPEN,Red Bull Racing,3,5729.051,24.228,5704.823,228,183,312,214.5581395,176.1428571,299.5892857,Race,Austin,United States,2024
9617,4,Lando NORRIS,McLaren,4,5729.993,23.731,5706.262,225,186,337,211.9361702,178.9285714,299.1785714,Race,Austin,United States,2024
9617,81,Oscar PIASTRI,McLaren,5,5731.56,24.107,5707.453,226,187,321,211.26,179.4821429,297.9285714,Race,Austin,United States,2024
9617,63,George RUSSELL,Mercedes,6,5765.934,29.327,5736.607,225,195,344,209,180.0178571,311.2321429,Race,Austin,United States,2024
9617,11,Sergio PEREZ,Red Bull Racing,7,5768.711,23.58,5745.131,222,183,334,208,174.75,302.8035714,Race,Austin,United States,2024
9617,27,Nico HULKENBERG,Haas F1 Team,8,5772.596,24.5,5748.096,225,188,329,211.7222222,180.0535714,299.0892857,Race,Austin,United States,2024
9617,30,Liam LAWSON,RB,9,5780.202,23.839,5756.363,229,184,336,216.3333333,177.4107143,302.1428571,Race,Austin,United States,2024
9617,43,Franco COLAPINTO,Williams,10,5781.618,23.971,5757.647,232,187,332,214.8113208,178.1785714,304.1964286,Race,Austin,United States,2024
9617,20,Kevin MAGNUSSEN,Haas F1 Team,11,5789.421,48.053,5741.368,224,187,337,208.8461538,179.0892857,304.6428571,Race,Austin,United States,2024
9617,10,Pierre GASLY,Alpine,12,5800.197,28.228,5771.969,224,186,331,211.32,176.6428571,302.5357143,Race,Austin,United States,2024
9617,14,Fernando ALONSO,Aston Martin,13,,24.247,,220,187,328,207.08,180.7454545,301.1272727,Race,Austin,United States,2024
9617,22,Yuki TSUNODA,RB,14,,24.193,,223,181,334,207.2745098,174.1272727,303.0727273,Race,Austin,United States,2024
9617,18,Lance STROLL,Aston Martin,15,,26.399,,213,187,336,202.8372093,180.4545455,298.9090909,Race,Austin,United States,2024
9617,23,Alexander ALBON,Williams,16,,59.374,,221,184,333,207.8431373,176.5090909,300.2909091,Race,Austin,United States,2024
9617,77,Valtteri BOTTAS,Kick Sauber,17,,24.439,,216,186,337,204.4339623,177.9090909,302.1818182,Race,Austin,United States,2024
9617,31,Esteban OCON,Alpine,18,,50.331,,227,188,330,213.1836735,175.4545455,299.4909091,Race,Austin,United States,2024
9617,24,ZHOU Guanyu,Kick Sauber,19,,49.323,,221,183,327,208.245283,173.7818182,297.0545455,Race,Austin,United States,2024
9617,44,Lewis HAMILTON,Mercedes,,,0,,202,179,317,190,178.5,314.5,Race,Austin,United States,2024
9598,81,Oscar PIASTRI,McLaren,1,5578.007,20.1,5557.907,198,215,328,192.4042553,205.5098039,315.6078431,Race,Baku,Azerbaijan,2024
9598,16,Charles LECLERC,Ferrari,2,5588.917,20.6,5568.317,210,220,325,197.893617,210.6862745,316.4313725,Race,Baku,Azerbaijan,2024
9598,63,George RUSSELL,Mercedes,3,5609.335,19.9,5589.435,208,221,331,195.3404255,208.9607843,317.6666667,Race,Baku,Azerbaijan,2024
9598,4,Lando NORRIS,McLaren,4,5614.15,19.7,5594.45,208,223,326,190.9148936,206.1960784,314.627451,Race,Baku,Azerbaijan,2024
9598,1,Max VERSTAPPEN,Red Bull Racing,5,5655.105,41.8,5613.305,209,223,326,195.0652174,209.5490196,315.6862745,Race,Baku,Azerbaijan,2024
9598,14,Fernando ALONSO,Aston Martin,6,5663.475,20,5643.475,206,216,328,192.8163265,203.2352941,316.6470588,Race,Baku,Azerbaijan,2024
9598,23,Alexander ALBON,Williams,7,5665.403,20.2,5645.203,195,211,326,186.6170213,200.7843137,316.5098039,Race,Baku,Azerbaijan,2024
9598,43,Franco COLAPINTO,Williams,8,5667.548,20.5,5647.048,206,216,326,195.2666667,202.745098,318.0980392,Race,Baku,Azerbaijan,2024
9598,44,Lewis HAMILTON,Mercedes,9,5670.408,21.2,5649.208,198,217,334,188.0833333,203.1960784,321.7843137,Race,Baku,Azerbaijan,2024
9598,50,Oliver BEARMAN,Haas F1 Team,10,5671.134,21.2,5649.934,207,216,327,191.5714286,201.5294118,315.627451,Race,Baku,Azerbaijan,2024
9598,27,Nico HULKENBERG,Haas F1 Team,11,5671.472,21.6,5649.872,210,226,331,197.5744681,209.627451,314.9019608,Race,Baku,Azerbaijan,2024
9598,10,Pierre GASLY,Alpine,12,5695.196,20.2,5674.996,200,213,331,191.4081633,202.4901961,315.9803922,Race,Baku,Azerbaijan,2024
9598,3,Daniel RICCIARDO,RB,13,5724.914,21.9,5703.014,208,218,325,191.4489796,201.2352941,313.8235294,Race,Baku,Azerbaijan,2024
9598,24,ZHOU Guanyu,Kick Sauber,14,5726.848,20.5,5706.348,204,214,325,187.3695652,200.2941176,313.9215686,Race,Baku,Azerbaijan,2024
9598,31,Esteban OCON,Alpine,15,,20.6,,202,220,326,190.75,204.8,316.56,Race,Baku,Azerbaijan,2024
9598,77,Valtteri BOTTAS,Kick Sauber,16,,20,,204,214,322,190.7659574,201.04,310.72,Race,Baku,Azerbaijan,2024
9598,11,Sergio PEREZ,Red Bull Racing,17,,20.6,,211,215,324,196.6595745,206.5918367,318.5102041,Race,Baku,Azerbaijan,2024
9598,55,Carlos SAINZ,Ferrari,18,,21.4,,213,221,325,203.0888889,209.5714286,317.8163265,Race,Baku,Azerbaijan,2024
9598,18,Lance STROLL,Aston Martin,19,,41.3,,206,213,322,192.9069767,201.1333333,318.1555556,Race,Baku,Azerbaijan,2024
9598,22,Yuki TSUNODA,RB,,,20.9,,192,203,321,181.6666667,198.6428571,310.2857143,Race,Baku,Azerbaijan,2024
9539,1,Max VERSTAPPEN,Red Bull Racing,1,5300.227,43.8,5256.427,279,286,324,268.9259259,272.5151515,300.8421053,Race,Barcelona,Spain,2024
9539,4,Lando NORRIS,McLaren,2,5302.446,44.2,5258.246,277,286,332,261.3968254,270.6515152,310.0655738,Race,Barcelona,Spain,2024
9539,44,Lewis HAMILTON,Mercedes,3,5318.017,43.4,5274.617,287,291,338,272.1290323,273.1969697,312.7368421,Race,Barcelona,Spain,2024
9539,63,George RUSSELL,Mercedes,4,5322.547,47.7,5274.847,284,290,329,268.9491525,275.4848485,305.0526316,Race,Barcelona,Spain,2024
9539,16,Charles LECLERC,Ferrari,5,5322.936,43.8,5279.136,284,291,336,270.3666667,278.2272727,311.1481481,Race,Barcelona,Spain,2024
9539,55,Carlos SAINZ,Ferrari,6,5331.255,44.3,5286.955,281,290,334,268.4761905,278.5454545,307.3392857,Race,Barcelona,Spain,2024
9539,81,Oscar PIASTRI,McLaren,7,5333.987,44.6,5289.387,277,287,331,268.2666667,274.5454545,304.1864407,Race,Barcelona,Spain,2024
9539,11,Sergio PEREZ,Red Bull Racing,8,5359.751,64.9,5294.851,272,289,333,261.3571429,266.7272727,305.2545455,Race,Barcelona,Spain,2024
9539,10,Pierre GASLY,Alpine,9,5362.252,47.6,5314.652,276,279,329,266.8888889,265.0454545,304.18,Race,Barcelona,Spain,2024
9539,31,Esteban OCON,Alpine,10,5372.116,43.7,5328.416,274,277,326,265.6129032,269.7727273,302.4693878,Race,Barcelona,Spain,2024
9539,27,Nico HULKENBERG,Haas F1 Team,11,5379.442,45.2,5334.242,282,296,334,269.4193548,277.0151515,307.5740741,Race,Barcelona,Spain,2024
9539,14,Fernando ALONSO,Aston Martin,12,,44.4,,281,288,332,266.5396825,272.0153846,306.4262295,Race,Barcelona,Spain,2024
9539,24,ZHOU Guanyu,Kick Sauber,13,,46.7,,273,277,337,259.9193548,263.9846154,304.7407407,Race,Barcelona,Spain,2024
9539,18,Lance STROLL,Aston Martin,14,,45.1,,281,283,334,258.9322034,262.3538462,304.7962963,Race,Barcelona,Spain,2024
9539,3,Daniel RICCIARDO,RB,15,,44.4,,277,288,336,264.09375,272.7230769,308.8571429,Race,Barcelona,Spain,2024
9539,77,Valtteri BOTTAS,Kick Sauber,16,,45.6,,275,281,333,261.1578947,266.9692308,304.7931034,Race,Barcelona,Spain,2024
9539,20,Kevin MAGNUSSEN,Haas F1 Team,17,,52.2,,279,287,343,263.7903226,267.5538462,311.3898305,Race,Barcelona,Spain,2024
9539,23,Alexander ALBON,Williams,18,,45,,273,277,339,262.7833333,264.1538462,303.5576923,Race,Barcelona,Spain,2024
9539,22,Yuki TSUNODA,RB,19,,66.5,,277,283,332,264.1875,271.9230769,307.3214286,Race,Barcelona,Spain,2024
9539,2,Logan SARGEANT,Williams,20,,44.9,,276,282,330,264.4545455,269.390625,304.3653846,Race,Barcelona,Spain,2024
9566,81,Oscar PIASTRI,McLaren,1,5881.989,43.4,5838.589,284,247,306,274.5185185,239.3,288.1521739,Race,Budapest,Hungary,2024
9566,4,Lando NORRIS,McLaren,2,5884.13,43,5841.13,284,248,306,277.6111111,241.1571429,287.5416667,Race,Budapest,Hungary,2024
9566,44,Lewis HAMILTON,Mercedes,3,5896.869,43.2,5853.669,285,245,306,277.9830508,239.7571429,288.9433962,Race,Budapest,Hungary,2024
9566,16,Charles LECLERC,Ferrari,4,5901.675,43.5,5858.175,285,246,306,281.2321429,239.8571429,291.6888889,Race,Budapest,Hungary,2024
9566,1,Max VERSTAPPEN,Red Bull Racing,5,5903.338,43.4,5859.938,286,249,313,279.4680851,241.7142857,293.66,Race,Budapest,Hungary,2024
9566,55,Carlos SAINZ,Ferrari,6,5905.062,43,5862.062,287,247,310,278.625,239.4142857,292.3658537,Race,Budapest,Hungary,2024
9566,11,Sergio PEREZ,Red Bull Racing,7,5921.781,42.3,5879.481,287,246,312,280.12,239.2428571,296.5576923,Race,Budapest,Hungary,2024
9566,63,George RUSSELL,Mercedes,8,5924.357,42.6,5881.757,286,248,316,277.3928571,241.3142857,294.6065574,Race,Budapest,Hungary,2024
9566,22,Yuki TSUNODA,RB,9,5959.248,21.4,5937.848,281,240,304,276.5744681,234.8857143,287.4375,Race,Budapest,Hungary,2024
9566,18,Lance STROLL,Aston Martin,10,5959.965,45.4,5914.565,285,247,311,271.1774194,239.2428571,295.0961538,Race,Budapest,Hungary,2024
9566,14,Fernando ALONSO,Aston Martin,11,5964.449,44.3,5920.149,283,245,308,273.45,238.5428571,291.5849057,Race,Budapest,Hungary,2024
9566,3,Daniel RICCIARDO,RB,12,,42.3,,283,240,308,277.1724138,234.9855072,293.4423077,Race,Budapest,Hungary,2024
9566,27,Nico HULKENBERG,Haas F1 Team,13,,44.6,,286,241,311,279.4181818,236.6086957,294.2745098,Race,Budapest,Hungary,2024
9566,23,Alexander ALBON,Williams,14,,45.4,,282,238,310,269.5762712,234.5362319,290.9047619,Race,Budapest,Hungary,2024
9566,20,Kevin MAGNUSSEN,Haas F1 Team,15,,44.3,,286,244,309,279.2727273,236.3478261,295.5510204,Race,Budapest,Hungary,2024
9566,77,Valtteri BOTTAS,Kick Sauber,16,,44,,285,243,311,277.1071429,236.8405797,297.9464286,Race,Budapest,Hungary,2024
9566,2,Logan SARGEANT,Williams,17,,64.9,,285,244,310,274.442623,234.7681159,297.7647059,Race,Budapest,Hungary,2024
9566,31,Esteban OCON,Alpine,18,,64.5,,285,243,311,278.4615385,235.826087,294.3043478,Race,Budapest,Hungary,2024
9566,24,ZHOU Guanyu,Kick Sauber,19,,44,,281,245,309,274.8070175,238.2463768,291.8139535,Race,Budapest,Hungary,2024
9566,10,Pierre GASLY,Alpine,,,21.4,,280,241,310,275,230.5151515,293.75,Race,Budapest,Hungary,2024
9515,1,Max VERSTAPPEN,Red Bull Racing,1,5125.252,30.4,5094.852,220,259,299,215.44,253.6190476,291.3174603,Race,Imola,Italy,2024
9515,4,Lando NORRIS,McLaren,2,5125.977,29.9,5096.077,221,260,302,216.8653846,255.6825397,291.1904762,Race,Imola,Italy,2024
9515,16,Charles LECLERC,Ferrari,3,5133.168,30.1,5103.068,219,259,298,214.5,253.2222222,287.5873016,Race,Imola,Italy,2024
9515,81,Oscar PIASTRI,McLaren,4,5139.384,29.7,5109.684,222,262,299,216.6538462,256.5555556,289.952381,Race,Imola,Italy,2024
9515,55,Carlos SAINZ,Ferrari,5,5147.577,30.5,5117.077,219,259,297,213.5254237,253.5396825,286.2539683,Race,Imola,Italy,2024
9515,44,Lewis HAMILTON,Mercedes,6,5160.356,29.5,5130.856,220,260,293,213.9272727,253.7936508,284.3968254,Race,Imola,Italy,2024
9515,63,George RUSSELL,Mercedes,7,5172.406,59.2,5113.206,223,260,298,215.6181818,254.3333333,286.5238095,Race,Imola,Italy,2024
9515,11,Sergio PEREZ,Red Bull Racing,8,5180.028,29.6,5150.428,222,260,297,215.1086957,254.8571429,288.1269841,Race,Imola,Italy,2024
9515,18,Lance STROLL,Aston Martin,9,5204.808,29.9,5174.908,219,259,293,212.2777778,253.4603175,283.5079365,Race,Imola,Italy,2024
9515,22,Yuki TSUNODA,RB,10,,29.6,,219,256,291,214.46,248.0322581,286.7903226,Race,Imola,Italy,2024
9515,27,Nico HULKENBERG,Haas F1 Team,11,,29.7,,217,260,293,211.4339623,253.3387097,284.9032258,Race,Imola,Italy,2024
9515,20,Kevin MAGNUSSEN,Haas F1 Team,12,,31.3,,216,260,304,210.5306122,254.9193548,286.7741935,Race,Imola,Italy,2024
9515,3,Daniel RICCIARDO,RB,13,,30,,218,258,294,214.5636364,253.2419355,285.6451613,Race,Imola,Italy,2024
9515,31,Esteban OCON,Alpine,14,,30.6,,216,256,296,210.8979592,251.4677419,281.016129,Race,Imola,Italy,2024
9515,24,ZHOU Guanyu,Kick Sauber,15,,30.2,,221,258,301,211.7321429,251.1612903,284.8870968,Race,Imola,Italy,2024
9515,10,Pierre GASLY,Alpine,16,,60.6,,217,256,294,212.9803922,249.7419355,282.1290323,Race,Imola,Italy,2024
9515,2,Logan SARGEANT,Williams,17,,31,,217,260,301,210,252.9677419,287.8870968,Race,Imola,Italy,2024
9515,77,Valtteri BOTTAS,Kick Sauber,18,,30.2,,216,256,297,211.1851852,250.4516129,284.3870968,Race,Imola,Italy,2024
9515,14,Fernando ALONSO,Aston Martin,19,,91.6,,225,260,295,215.1428571,254.2419355,284.2741935,Race,Imola,Italy,2024
9515,23,Alexander ALBON,Williams,,,132.6,,219,258,296,210.7333333,252.8627451,279.0588235,Race,Imola,Italy,2024
9480,1,Max VERSTAPPEN,Red Bull Racing,1,4843.273,20.6,4822.673,293,321,328,282.2857143,290.74,297.42,Race,Jeddah,Saudi Arabia,2024
9480,11,Sergio PEREZ,Red Bull Racing,2,4856.916,22.1,4834.816,292,323,330,281.2,297,303.38,Race,Jeddah,Saudi Arabia,2024
9480,16,Charles LECLERC,Ferrari,3,4861.912,23.4,4838.512,291,325,330,279.4,291,302.8,Race,Jeddah,Saudi Arabia,2024
9480,81,Oscar PIASTRI,McLaren,4,4875.28,21.4,4853.88,291,323,333,280.975,301.26,307.52,Race,Jeddah,Saudi Arabia,2024
9480,14,Fernando ALONSO,Aston Martin,5,4879.032,22.1,4856.932,291,321,327,278.0689655,296.48,300.24,Race,Jeddah,Saudi Arabia,2024
9480,63,George RUSSELL,Mercedes,6,4883.209,21,4862.209,295,329,338,281.4193548,307.74,310.96,Race,Jeddah,Saudi Arabia,2024
9480,38,Oliver BEARMAN,Ferrari,7,4885.952,22.4,4863.552,290,328,336,279.5277778,295.04,304.12,Race,Jeddah,Saudi Arabia,2024
9480,4,Lando NORRIS,McLaren,8,4888.981,22.2,4866.781,292,305,307,277.1621622,290.12,293.66,Race,Jeddah,Saudi Arabia,2024
9480,44,Lewis HAMILTON,Mercedes,9,4890.664,20.1,4870.564,295,322,332,275.4666667,301.56,309.88,Race,Jeddah,Saudi Arabia,2024
9480,27,Nico HULKENBERG,Haas F1 Team,10,4920.269,21,4899.269,290,318,329,275.9142857,294.34,302.92,Race,Jeddah,Saudi Arabia,2024
9480,23,Alexander ALBON,Williams,11,4931.627,21.7,4909.927,291,327,339,278.4848485,304.74,314.92,Race,Jeddah,Saudi Arabia,2024
9480,20,Kevin MAGNUSSEN,Haas F1 Team,12,4949.01,21.4,4927.61,290,321,336,279.0294118,297.08,303.36,Race,Jeddah,Saudi Arabia,2024
9480,31,Esteban OCON,Alpine,13,,22.5,,289,332,338,279.0512821,305.5102041,313,Race,Jeddah,Saudi Arabia,2024
9480,2,Logan SARGEANT,Williams,14,,23.6,,291,326,341,279.3714286,305.122449,315.6938776,Race,Jeddah,Saudi Arabia,2024
9480,22,Yuki TSUNODA,RB,15,,21.6,,292,325,341,281.3333333,305.3877551,321.0204082,Race,Jeddah,Saudi Arabia,2024
9480,3,Daniel RICCIARDO,RB,16,,63.3,,291,324,335,275.0277778,301.5918367,312.7142857,Race,Jeddah,Saudi Arabia,2024
9480,77,Valtteri BOTTAS,Kick Sauber,17,,45.9,,290,323,340,279.2,297.4285714,303.7346939,Race,Jeddah,Saudi Arabia,2024
9480,24,ZHOU Guanyu,Kick Sauber,18,,46.3,,290,321,329,276.6904762,294.755102,299.4693878,Race,Jeddah,Saudi Arabia,2024
9480,18,Lance STROLL,Aston Martin,,,0,,291,308,307,284,302,304.6,Race,Jeddah,Saudi Arabia,2024
9480,10,Pierre GASLY,Alpine,,,0,,221,213,224,221,213,224,Race,Jeddah,Saudi Arabia,2024
9644,63,George RUSSELL,Mercedes,1,4925.969,42.047,4883.922,185,212,327,179.8333333,208.0222222,321.68,Race,Las Vegas,United States,2024
9644,44,Lewis HAMILTON,Mercedes,2,4933.282,42.422,4890.86,185,213,350,179.9069767,208.1489362,315.64,Race,Las Vegas,United States,2024
9644,55,Carlos SAINZ,Ferrari,3,4937.875,41.927,4895.948,184,213,338,177.4444444,206.8979592,320.1,Race,Las Vegas,United States,2024
9644,16,Charles LECLERC,Ferrari,4,4940.252,42.914,4897.338,184,214,345,177.8536585,208.72,313.62,Race,Las Vegas,United States,2024
9644,1,Max VERSTAPPEN,Red Bull Racing,5,4942.551,42.951,4899.6,184,212,325,177.8181818,207.8367347,304.04,Race,Las Vegas,United States,2024
9644,4,Lando NORRIS,McLaren,6,4969.354,62.921,4906.433,186,214,337,178.7560976,207.46,314.88,Race,Las Vegas,United States,2024
9644,81,Oscar PIASTRI,McLaren,7,4977.334,48.814,4928.52,184,211,329,177.2380952,206.7659574,313.26,Race,Las Vegas,United States,2024
9644,27,Nico HULKENBERG,Haas F1 Team,8,4985.777,43.213,4942.564,186,215,347,179.3,208.38,309.86,Race,Las Vegas,United States,2024
9644,22,Yuki TSUNODA,RB,9,4988.777,42.376,4946.401,184,211,330,176.5609756,206.72,307.96,Race,Las Vegas,United States,2024
9644,11,Sergio PEREZ,Red Bull Racing,10,4989.083,42.328,4946.755,183,212,339,176.4186047,206.86,303.22,Race,Las Vegas,United States,2024
9644,14,Fernando ALONSO,Aston Martin,11,4995.164,42.814,4952.35,183,211,330,177.475,206.2,305.64,Race,Las Vegas,United States,2024
9644,20,Kevin MAGNUSSEN,Haas F1 Team,12,4995.772,21.963,4973.809,182,212,343,173.5,207.7,309.2,Race,Las Vegas,United States,2024
9644,24,ZHOU Guanyu,Kick Sauber,13,5000.054,44.721,4955.333,185,214,325,179.0243902,206.7346939,299.24,Race,Las Vegas,United States,2024
9644,43,Franco COLAPINTO,Williams,14,5001.141,42.391,4958.75,182,211,339,175.5813953,205.64,301.92,Race,Las Vegas,United States,2024
9644,18,Lance STROLL,Aston Martin,15,5010.071,56.451,4953.62,184,212,326,177.925,207.8571429,308.22,Race,Las Vegas,United States,2024
9644,30,Liam LAWSON,RB,16,5016.974,41.691,4975.283,184,212,321,178.8571429,207,298.54,Race,Las Vegas,United States,2024
9644,31,Esteban OCON,Alpine,17,,58.7,,186,210,334,175.8536585,205.5319149,310.1020408,Race,Las Vegas,United States,2024
9644,77,Valtteri BOTTAS,Kick Sauber,18,,44.444,,186,211,323,177.4888889,206.9772727,296.4897959,Race,Las Vegas,United States,2024
9644,23,Alexander ALBON,Williams,,,22.012,,180,209,337,175.4545455,205.36,304.6,Race,Las Vegas,United States,2024
9644,10,Pierre GASLY,Alpine,,,22.179,,177,207,319,172.7777778,203.6666667,298.4,Race,Las Vegas,United States,2024
9655,1,Max VERSTAPPEN,Red Bull Racing,1,5465.323,74.803,5390.52,247,289,308,230.3947368,269.2631579,263.90625,Race,Lusail,Qatar,2024
9655,16,Charles LECLERC,Ferrari,2,5471.354,82.96,5388.394,247,288,312,229.0869565,272.7894737,281.7083333,Race,Lusail,Qatar,2024
9655,81,Oscar PIASTRI,McLaren,3,5472.142,79.918,5392.224,242,289,324,220.4888889,270.4561404,278.075,Race,Lusail,Qatar,2024
9655,63,George RUSSELL,Mercedes,4,5479.427,116.878,5362.549,250,290,328,229.3913043,265.3859649,282.5116279,Race,Lusail,Qatar,2024
9655,10,Pierre GASLY,Alpine,5,5482.105,81.892,5400.213,242,287,329,220.0227273,271.8421053,291.0238095,Race,Lusail,Qatar,2024
9655,55,Carlos SAINZ,Ferrari,6,5482.799,93.143,5389.656,244,289,328,224.8571429,265.0877193,292.66,Race,Lusail,Qatar,2024
9655,14,Fernando ALONSO,Aston Martin,7,5485.19,90.02,5395.17,247,290,330,222.2553191,266.8421053,291.375,Race,Lusail,Qatar,2024
9655,24,ZHOU Guanyu,Kick Sauber,8,5490.683,87.085,5403.598,244,287,328,221.8913043,265.6491228,288.46,Race,Lusail,Qatar,2024
9655,20,Kevin MAGNUSSEN,Haas F1 Team,9,5497.5,84.443,5413.057,240,291,331,220.5490196,266.245614,290.0196078,Race,Lusail,Qatar,2024
9655,4,Lando NORRIS,McLaren,10,5501.085,118.293,5382.792,246,288,325,229.3529412,270.8947368,272.8888889,Race,Lusail,Qatar,2024
9655,77,Valtteri BOTTAS,Kick Sauber,11,5515.566,86.102,5429.464,239,288,326,218.9166667,267.7192982,288.6603774,Race,Lusail,Qatar,2024
9655,44,Lewis HAMILTON,Mercedes,12,5521.445,110.815,5410.63,248,290,336,223,269.4385965,290.7916667,Race,Lusail,Qatar,2024
9655,22,Yuki TSUNODA,RB,13,5526.423,116.795,5409.628,240,292,327,224.3953488,265.4736842,285.2325581,Race,Lusail,Qatar,2024
9655,30,Liam LAWSON,RB,14,5527.979,129.104,5398.875,237,288,331,222.4509804,266.1052632,280.425,Race,Lusail,Qatar,2024
9655,23,Alexander ALBON,Williams,15,,128.066,,243,285,324,223.2941176,262.75,290.4705882,Race,Lusail,Qatar,2024
9655,31,Esteban OCON,Alpine,,,0,,,,275,,,275,Race,Lusail,Qatar,2024
9655,43,Franco COLAPINTO,Williams,,,0,,,,274,,,274,Race,Lusail,Qatar,2024
9655,18,Lance STROLL,Aston Martin,,,71.457,,229,283,300,203.5,229.5,251.5,Race,Lusail,Qatar,2024
9655,27,Nico HULKENBERG,Haas F1 Team,,,122.7,,239,289,328,219.9722222,271.6666667,287.0857143,Race,Lusail,Qatar,2024
9655,11,Sergio PEREZ,Red Bull Racing,,,80.188,,243,284,327,219.4473684,269.8717949,278.6176471,Race,Lusail,Qatar,2024
9606,4,Lando NORRIS,McLaren,1,6052.571,29,6023.571,309,272,290,283.8103448,262.2258065,280.4791667,Race,Marina Bay,Singapore,2024
9606,1,Max VERSTAPPEN,Red Bull Racing,2,6073.516,29.6,6043.916,306,277,294,286.6530612,261.9032258,275.8787879,Race,Marina Bay,Singapore,2024
9606,81,Oscar PIASTRI,McLaren,3,6094.394,29.1,6065.294,317,276,300,291.7818182,263.9354839,283.9019608,Race,Marina Bay,Singapore,2024
9606,63,George RUSSELL,Mercedes,4,6113.611,28.7,6084.911,303,276,301,292.4693878,264.3387097,283.2244898,Race,Marina Bay,Singapore,2024
9606,16,Charles LECLERC,Ferrari,5,6115.001,29,6086.001,316,279,302,300.4035088,267.7903226,288.2727273,Race,Marina Bay,Singapore,2024
9606,44,Lewis HAMILTON,Mercedes,6,6137.819,29.2,6108.619,317,275,298,290.3076923,262.4354839,280.893617,Race,Marina Bay,Singapore,2024
9606,55,Carlos SAINZ,Ferrari,7,6148.61,29.3,6119.31,317,281,298,294.6666667,262.7580645,283.4375,Race,Marina Bay,Singapore,2024
9606,14,Fernando ALONSO,Aston Martin,8,,29.2,,314,274,302,298.7692308,266.0655738,287.3333333,Race,Marina Bay,Singapore,2024
9606,27,Nico HULKENBERG,Haas F1 Team,9,,29.8,,318,273,295,296.8,264.6393443,285.9423077,Race,Marina Bay,Singapore,2024
9606,11,Sergio PEREZ,Red Bull Racing,10,,28.9,,316,278,300,295.6851852,265.8852459,286.3454545,Race,Marina Bay,Singapore,2024
9606,43,Franco COLAPINTO,Williams,11,,29.7,,313,277,305,291.0784314,265.3606557,284.28,Race,Marina Bay,Singapore,2024
9606,22,Yuki TSUNODA,RB,12,,29.6,,306,268,295,290.6938776,259.7213115,282.9473684,Race,Marina Bay,Singapore,2024
9606,31,Esteban OCON,Alpine,13,,29.6,,314,276,297,293.3023256,259.852459,280.7575758,Race,Marina Bay,Singapore,2024
9606,18,Lance STROLL,Aston Martin,14,,29.8,,311,274,302,287.5882353,259.295082,282.0192308,Race,Marina Bay,Singapore,2024
9606,24,ZHOU Guanyu,Kick Sauber,15,,29.3,,303,273,295,289.7592593,260.6229508,280.75,Race,Marina Bay,Singapore,2024
9606,77,Valtteri BOTTAS,Kick Sauber,16,,30.4,,314,274,299,295.0377358,262.6557377,281.4285714,Race,Marina Bay,Singapore,2024
9606,10,Pierre GASLY,Alpine,17,,31.5,,313,274,301,293.92,262.1147541,283.3333333,Race,Marina Bay,Singapore,2024
9606,3,Daniel RICCIARDO,RB,18,,88.9,,312,271,294,291.2307692,259.7704918,281.2765957,Race,Marina Bay,Singapore,2024
9606,20,Kevin MAGNUSSEN,Haas F1 Team,19,,60.9,,318,278,303,296.3773585,263.9473684,288.2978723,Race,Marina Bay,Singapore,2024
9606,23,Alexander ALBON,Williams,,,29.1,,303,278,296,282.4285714,259.5333333,280.0714286,Race,Marina Bay,Singapore,2024
9488,55,Carlos SAINZ,Ferrari,1,4826.843,35.2,4791.643,285,320,304,273.1836735,298.1034483,287.9215686,Race,Melbourne,Australia,2024
9488,16,Charles LECLERC,Ferrari,2,4829.209,34.7,4794.509,287,327,312,273.7142857,303.137931,289.5098039,Race,Melbourne,Australia,2024
9488,4,Lando NORRIS,McLaren,3,4832.747,35.3,4797.447,283,315,321,272.6530612,298.2758621,289.25,Race,Melbourne,Australia,2024
9488,81,Oscar PIASTRI,McLaren,4,4862.613,36,4826.613,283,327,321,274.2727273,303.137931,291.9423077,Race,Melbourne,Australia,2024
9488,11,Sergio PEREZ,Red Bull Racing,5,4883.152,35.3,4847.852,287,332,317,273.1041667,305.4827586,292.9245283,Race,Melbourne,Australia,2024
9488,18,Lance STROLL,Aston Martin,6,4920.065,35.8,4884.265,278,329,320,269.5490196,298.0862069,289.8909091,Race,Melbourne,Australia,2024
9488,22,Yuki TSUNODA,RB,7,4922.444,36,4886.444,278,330,310,268.0238095,308.1034483,290.1818182,Race,Melbourne,Australia,2024
9488,14,Fernando ALONSO,Aston Martin,8,4927.835,36,4891.835,280,329,322,271.4705882,299.4137931,290.1754386,Race,Melbourne,Australia,2024
9488,27,Nico HULKENBERG,Haas F1 Team,9,4931.396,36.4,4894.996,281,330,326,270.4680851,305.3793103,293.7916667,Race,Melbourne,Australia,2024
9488,20,Kevin MAGNUSSEN,Haas F1 Team,10,,36.4,,282,336,318,269.1555556,307.5263158,297.0444444,Race,Melbourne,Australia,2024
9488,23,Alexander ALBON,Williams,11,,35.4,,283,325,322,269.56,304.2105263,296.4255319,Race,Melbourne,Australia,2024
9488,3,Daniel RICCIARDO,RB,12,,35.9,,280,327,311,271.5490196,300.8596491,289.8979592,Race,Melbourne,Australia,2024
9488,10,Pierre GASLY,Alpine,13,,37.9,,281,334,311,271,307.1754386,291.8333333,Race,Melbourne,Australia,2024
9488,77,Valtteri BOTTAS,Kick Sauber,14,,65.8,,277,323,310,262.9811321,296.3157895,283.8571429,Race,Melbourne,Australia,2024
9488,24,ZHOU Guanyu,Kick Sauber,15,,55.8,,284,326,308,267.4166667,297.7017544,286.245283,Race,Melbourne,Australia,2024
9488,31,Esteban OCON,Alpine,16,,66.8,,279,328,313,266.5744681,305.4035088,290.8,Race,Melbourne,Australia,2024
9488,63,George RUSSELL,Mercedes,17,,35.9,,288,327,324,276.6818182,301.3571429,294.8333333,Race,Melbourne,Australia,2024
9488,44,Lewis HAMILTON,Mercedes,,,17.5,,276,326,318,270.5333333,296.8125,292.125,Race,Melbourne,Australia,2024
9488,1,Max VERSTAPPEN,Red Bull Racing,,,0,,278,314,305,274,301,281.5,Race,Melbourne,Australia,2024
9625,55,Carlos SAINZ,Ferrari,1,6055.8,22.249,6033.551,305,293,349,280.4516129,275.5633803,313.6037736,Race,Mexico City,Mexico,2024
9625,4,Lando NORRIS,McLaren,2,6060.505,22.111,6038.394,307,289,354,281.469697,276.3380282,320.4035088,Race,Mexico City,Mexico,2024
9625,16,Charles LECLERC,Ferrari,3,6090.187,45.55,6044.637,304,292,352,286.030303,276.1830986,316.6909091,Race,Mexico City,Mexico,2024
9625,44,Lewis HAMILTON,Mercedes,4,6100.58,22.538,6078.042,312,292,354,284.2272727,273.4084507,322.4339623,Race,Mexico City,Mexico,2024
9625,63,George RUSSELL,Mercedes,5,6104.336,22.462,6081.874,302,294,355,286.4,272.1830986,312.6037736,Race,Mexico City,Mexico,2024
9625,1,Max VERSTAPPEN,Red Bull Racing,6,6115.358,43.73,6071.628,299,290,356,276.6610169,275.4225352,315.8833333,Race,Mexico City,Mexico,2024
9625,20,Kevin MAGNUSSEN,Haas F1 Team,7,6119.442,23.332,6096.11,302,290,358,287.5970149,275.9577465,318.490566,Race,Mexico City,Mexico,2024
9625,81,Oscar PIASTRI,McLaren,8,6120.728,21.825,6098.903,318,292,362,282.96875,278.6760563,322.3709677,Race,Mexico City,Mexico,2024
9625,27,Nico HULKENBERG,Haas F1 Team,9,,23.077,,300,293,357,282.4923077,275.3,317.7818182,Race,Mexico City,Mexico,2024
9625,10,Pierre GASLY,Alpine,10,,23.204,,303,292,352,283.3770492,274.7857143,317.7627119,Race,Mexico City,Mexico,2024
9625,18,Lance STROLL,Aston Martin,11,,22.592,,309,289,354,278.8333333,272.7428571,319.015873,Race,Mexico City,Mexico,2024
9625,43,Franco COLAPINTO,Williams,12,,23.895,,305,292,353,284.1428571,274.5428571,317.8571429,Race,Mexico City,Mexico,2024
9625,31,Esteban OCON,Alpine,13,,23.245,,304,292,354,280.6140351,278.2571429,316.137931,Race,Mexico City,Mexico,2024
9625,77,Valtteri BOTTAS,Kick Sauber,14,,22.505,,306,289,354,282.8387097,275.6571429,310.5,Race,Mexico City,Mexico,2024
9625,24,ZHOU Guanyu,Kick Sauber,15,,22.935,,306,291,354,272.1875,275.9714286,310.6724138,Race,Mexico City,Mexico,2024
9625,30,Liam LAWSON,RB,16,,52.885,,311,294,355,287.95,271.8,318.5166667,Race,Mexico City,Mexico,2024
9625,11,Sergio PEREZ,Red Bull Racing,17,,71.824,,303,291,354,280.2727273,273.0142857,312.0188679,Race,Mexico City,Mexico,2024
9625,23,Alexander ALBON,Williams,,,0,,,,320,,,320,Race,Mexico City,Mexico,2024
9625,14,Fernando ALONSO,Aston Martin,,,0,,298,286,341,245.1428571,244,271.8,Race,Mexico City,Mexico,2024
9625,22,Yuki TSUNODA,RB,,,0,,,,321,,,321,Race,Mexico City,Mexico,2024
9507,4,Lando NORRIS,McLaren,1,5449.876,22,5427.876,218,188,327,205.7555556,181.6315789,306.2982456,Race,Miami,United States,2024
9507,1,Max VERSTAPPEN,Red Bull Racing,2,5457.488,22.1,5435.388,216,188,317,204.06,183.5614035,303.0350877,Race,Miami,United States,2024
9507,16,Charles LECLERC,Ferrari,3,5459.796,21.8,5437.996,215,187,333,205.04,181.0877193,308.1929825,Race,Miami,United States,2024
9507,11,Sergio PEREZ,Red Bull Racing,4,5464.526,43.9,5420.626,217,188,331,204.8627451,180.3333333,307.5438596,Race,Miami,United States,2024
9507,55,Carlos SAINZ,Ferrari,5,5466.283,22.8,5443.483,216,187,344,203.6530612,181.2280702,308.5263158,Race,Miami,United States,2024
9507,44,Lewis HAMILTON,Mercedes,6,5466.461,22.1,5444.361,215,187,329,203.9,179.4736842,308.8421053,Race,Miami,United States,2024
9507,22,Yuki TSUNODA,RB,7,5476.061,22.1,5453.961,216,187,332,206.4772727,178.0175439,309.0350877,Race,Miami,United States,2024
9507,63,George RUSSELL,Mercedes,8,5484.665,22.8,5461.865,216,186,338,203.6078431,179.5789474,314.877193,Race,Miami,United States,2024
9507,14,Fernando ALONSO,Aston Martin,9,5486.983,22.3,5464.683,216,187,336,203.3469388,179.9298246,307.0526316,Race,Miami,United States,2024
9507,31,Esteban OCON,Alpine,10,5489.622,22.6,5467.022,216,185,344,205.7777778,179.9649123,312.6315789,Race,Miami,United States,2024
9507,27,Nico HULKENBERG,Haas F1 Team,11,5490.665,45.4,5445.265,217,188,337,208.4222222,181.4210526,309.7192982,Race,Miami,United States,2024
9507,10,Pierre GASLY,Alpine,12,5494.834,22.4,5472.434,214,187,342,204.5,179.245614,316.3333333,Race,Miami,United States,2024
9507,81,Oscar PIASTRI,McLaren,13,5499.632,52.6,5447.032,217,188,351,205.6041667,181.9649123,306.5614035,Race,Miami,United States,2024
9507,24,ZHOU Guanyu,Kick Sauber,14,5499.855,23,5476.855,217,188,335,206.0888889,179.8421053,309.2631579,Race,Miami,United States,2024
9507,3,Daniel RICCIARDO,RB,15,5500.832,22.5,5478.332,214,186,343,202.7692308,177.2631579,313.3157895,Race,Miami,United States,2024
9507,77,Valtteri BOTTAS,Kick Sauber,16,5502.232,46.4,5455.832,216,188,337,207.4489796,179.9824561,311.877193,Race,Miami,United States,2024
9507,18,Lance STROLL,Aston Martin,17,5505.049,45.6,5459.449,217,189,355,207.5952381,183.754386,312.122807,Race,Miami,United States,2024
9507,23,Alexander ALBON,Williams,18,5525.967,45.3,5480.667,216,188,347,205.8113208,177.2280702,320.7192982,Race,Miami,United States,2024
9507,20,Kevin MAGNUSSEN,Haas F1 Team,19,5534.559,83.6,5450.959,215,188,341,207.7142857,180.3333333,316.1403509,Race,Miami,United States,2024
9507,2,Logan SARGEANT,Williams,,,22.6,,211,187,333,208.3461538,181.962963,317.5555556,Race,Miami,United States,2024
9523,16,Charles LECLERC,Ferrari,1,8595.554,2358,6237.554,208,195,282,198.8666667,181.8333333,275.1282051,Race,Monaco,Monaco,2024
9523,81,Oscar PIASTRI,McLaren,2,8602.706,2357.6,6245.106,211,196,283,194.1142857,185.525641,277.5641026,Race,Monaco,Monaco,2024
9523,55,Carlos SAINZ,Ferrari,3,8603.139,2327,6276.139,211,198,288,194.2777778,184.9230769,277.1410256,Race,Monaco,Monaco,2024
9523,4,Lando NORRIS,McLaren,4,8604.204,2365.5,6238.704,205,196,285,192.6338028,185.6794872,278.9102564,Race,Monaco,Monaco,2024
9523,63,George RUSSELL,Mercedes,5,8608.863,2369.3,6239.563,210,197,285,196.1944444,181.7948718,272.6794872,Race,Monaco,Monaco,2024
9523,1,Max VERSTAPPEN,Red Bull Racing,6,8609.407,2396.4,6213.007,208,199,286,186.8630137,186.3461538,268.6025641,Race,Monaco,Monaco,2024
9523,44,Lewis HAMILTON,Mercedes,7,8610.462,2399.5,6210.962,213,199,289,193.0675676,186.2692308,276.9230769,Race,Monaco,Monaco,2024
9523,22,Yuki TSUNODA,RB,8,,2377.5,,214,195,278,186.9545455,176.4675325,272.4805195,Race,Monaco,Monaco,2024
9523,23,Alexander ALBON,Williams,9,,2381.3,,202,190,283,185.1714286,175.3116883,276.5584416,Race,Monaco,Monaco,2024
9523,10,Pierre GASLY,Alpine,10,,2381.8,,210,193,281,188.5,177.4675325,274.987013,Race,Monaco,Monaco,2024
9523,14,Fernando ALONSO,Aston Martin,11,,2389.4,,208,189,281,197.4242424,172.6184211,274.4868421,Race,Monaco,Monaco,2024
9523,3,Daniel RICCIARDO,RB,12,,2385.8,,206,192,284,192.0140845,174.7763158,272.6184211,Race,Monaco,Monaco,2024
9523,77,Valtteri BOTTAS,Kick Sauber,13,,2418.2,,205,188,286,185.5441176,178.4473684,277.5657895,Race,Monaco,Monaco,2024
9523,18,Lance STROLL,Aston Martin,14,,2435.8,,202,191,285,184.7638889,180.2236842,275.0131579,Race,Monaco,Monaco,2024
9523,2,Logan SARGEANT,Williams,15,,2415.9,,212,191,288,193.4264706,174.7368421,277.9342105,Race,Monaco,Monaco,2024
9523,24,ZHOU Guanyu,Kick Sauber,16,,2410.7,,214,197,287,182.5616438,178.9868421,277.1052632,Race,Monaco,Monaco,2024
9523,31,Esteban OCON,Alpine,,,0,,175,71,94,175,71,94,Race,Monaco,Monaco,2024
9523,20,Kevin MAGNUSSEN,Haas F1 Team,,,0,,,,,,,,Race,Monaco,Monaco,2024
9523,27,Nico HULKENBERG,Haas F1 Team,,,0,,,,,,,,Race,Monaco,Monaco,2024
9523,11,Sergio PEREZ,Red Bull Racing,,,0,,,,,,,,Race,Monaco,Monaco,2024
9531,1,Max VERSTAPPEN,Red Bull Racing,1,6347.927,48.5,6299.427,253,283,307,215.8382353,260.3857143,284.0428571,Race,Montréal,Canada,2024
9531,4,Lando NORRIS,McLaren,2,6351.806,47.3,6304.506,250,285,327,212.2033898,265.2285714,283.6714286,Race,Montréal,Canada,2024
9531,63,George RUSSELL,Mercedes,3,6352.244,77.5,6274.744,262,289,333,223.9710145,265.7428571,284.2571429,Race,Montréal,Canada,2024
9531,44,Lewis HAMILTON,Mercedes,4,6352.842,76.7,6276.142,262,289,334,219.4477612,266.9571429,290.3714286,Race,Montréal,Canada,2024
9531,81,Oscar PIASTRI,McLaren,5,6358.126,47.3,6310.826,257,287,329,218.1846154,264.6714286,285.2,Race,Montréal,Canada,2024
9531,14,Fernando ALONSO,Aston Martin,6,6365.437,50,6315.437,258,286,324,206.8923077,268.7285714,287.6571429,Race,Montréal,Canada,2024
9531,18,Lance STROLL,Aston Martin,7,6371.552,49.2,6322.352,258,286,331,211.0153846,268.3428571,288.2714286,Race,Montréal,Canada,2024
9531,3,Daniel RICCIARDO,RB,8,6376.599,54,6322.599,260,289,343,214.6507937,269.2,296.2142857,Race,Montréal,Canada,2024
9531,10,Pierre GASLY,Alpine,9,6377.948,49.3,6328.648,256,286,331,215.0447761,267.5285714,292.6285714,Race,Montréal,Canada,2024
9531,31,Esteban OCON,Alpine,10,6378.24,24.4,6353.84,258,284,328,218.238806,264.9428571,280.3,Race,Montréal,Canada,2024
9531,27,Nico HULKENBERG,Haas F1 Team,11,6378.751,73.5,6305.251,257,284,333,214.8358209,263.7571429,292.0285714,Race,Montréal,Canada,2024
9531,20,Kevin MAGNUSSEN,Haas F1 Team,12,6379.18,108.7,6270.48,261,286,347,217.3650794,269.1285714,293.8,Race,Montréal,Canada,2024
9531,77,Valtteri BOTTAS,Kick Sauber,13,6388.414,24.9,6363.514,255,285,337,213.71875,267.1,290.2571429,Race,Montréal,Canada,2024
9531,22,Yuki TSUNODA,RB,14,6400.621,25.5,6375.121,256,288,333,215.2727273,267.6428571,288.2428571,Race,Montréal,Canada,2024
9531,24,ZHOU Guanyu,Kick Sauber,15,,119.3,,258,285,321,217.9090909,262.942029,286.1304348,Race,Montréal,Canada,2024
9531,23,Alexander ALBON,Williams,,,49.5,,250,285,335,213.755102,268.7115385,301.5,Race,Montréal,Canada,2024
9531,55,Carlos SAINZ,Ferrari,,,51.7,,251,284,335,210.9607843,268.1509434,297.3018868,Race,Montréal,Canada,2024
9531,16,Charles LECLERC,Ferrari,,,95.7,,235,277,309,199.35,256.097561,288.5853659,Race,Montréal,Canada,2024
9531,2,Logan SARGEANT,Williams,,,0,,222,277,326,199.5652174,268.8695652,304.2608696,Race,Montréal,Canada,2024
9531,11,Sergio PEREZ,Red Bull Racing,,,58.1,,254,285,336,215.54,267.8269231,297.6730769,Race,Montréal,Canada,2024
9590,16,Charles LECLERC,Ferrari,1,4480.727,24.5,4456.227,324,331,338,315.6666667,320.6415094,324.4772727,Race,Monza,Italy,2024
9590,81,Oscar PIASTRI,McLaren,2,4483.391,48.3,4435.091,332,343,342,314.1219512,315.5283019,320.0731707,Race,Monza,Italy,2024
9590,4,Lando NORRIS,McLaren,3,4486.88,48.9,4437.98,323,335,353,315.1111111,320.3773585,325.5882353,Race,Monza,Italy,2024
9590,55,Carlos SAINZ,Ferrari,4,4496.348,24.3,4472.048,325,333,340,314.3684211,318.7924528,322.025641,Race,Monza,Italy,2024
9590,44,Lewis HAMILTON,Mercedes,5,4503.547,48.5,4455.047,332,337,340,317,318.4528302,324.6734694,Race,Monza,Italy,2024
9590,1,Max VERSTAPPEN,Red Bull Racing,6,4518.659,52.2,4466.459,327,334,338,310.375,315.6226415,317.2820513,Race,Monza,Italy,2024
9590,63,George RUSSELL,Mercedes,7,4520.442,58.8,4461.642,331,340,349,318.7083333,321.9433962,327.673913,Race,Monza,Italy,2024
9590,11,Sergio PEREZ,Red Bull Racing,8,4534.875,48.7,4486.175,340,338,351,312.8222222,318.6415094,319.4666667,Race,Monza,Italy,2024
9590,23,Alexander ALBON,Williams,9,4548.183,24.8,4523.383,330,339,348,314.3095238,317.5471698,326.5319149,Race,Monza,Italy,2024
9590,20,Kevin MAGNUSSEN,Haas F1 Team,10,4549.029,25.6,4523.429,338,340,357,315.725,324.3207547,325.4489796,Race,Monza,Italy,2024
9590,14,Fernando ALONSO,Aston Martin,11,4549.222,49.3,4499.922,329,335,356,316.3777778,319.6037736,324.7959184,Race,Monza,Italy,2024
9590,43,Franco COLAPINTO,Williams,12,4562.035,25.1,4536.935,327,340,356,316.3095238,318.9622642,326.6818182,Race,Monza,Italy,2024
9590,3,Daniel RICCIARDO,RB,13,4574.179,30.3,4543.879,334,337,355,316.65,322.9245283,319.8979592,Race,Monza,Italy,2024
9590,31,Esteban OCON,Alpine,14,,24.1,,334,335,351,310.6571429,316.7884615,319.5909091,Race,Monza,Italy,2024
9590,10,Pierre GASLY,Alpine,15,,48.5,,328,342,348,314.2195122,318.6730769,323.0196078,Race,Monza,Italy,2024
9590,77,Valtteri BOTTAS,Kick Sauber,16,,24.4,,336,343,353,312.2045455,316.8269231,320.2391304,Race,Monza,Italy,2024
9590,27,Nico HULKENBERG,Haas F1 Team,17,,75.3,,335,341,355,313.175,318.3269231,321.7045455,Race,Monza,Italy,2024
9590,24,ZHOU Guanyu,Kick Sauber,18,,27.1,,334,339,352,312.5,315.8076923,318.5909091,Race,Monza,Italy,2024
9590,18,Lance STROLL,Aston Martin,19,,74.3,,336,340,356,315.775,321.5192308,326.625,Race,Monza,Italy,2024
9590,22,Yuki TSUNODA,RB,,,0,,335,341,353,316.4285714,329.7142857,321.8571429,Race,Monza,Italy,2024
9472,1,Max VERSTAPPEN,Red Bull Racing,1,5504.742,49.2,5455.542,239,270,314,233.6470588,256.5087719,289.9565217,Race,Sakhir,Bahrain,2024
9472,11,Sergio PEREZ,Red Bull Racing,2,5527.199,49,5478.199,239,267,320,232.6730769,260.0350877,297.3636364,Race,Sakhir,Bahrain,2024
9472,55,Carlos SAINZ,Ferrari,3,5529.852,48.2,5481.652,239,269,332,235.2631579,252.4210526,301.244898,Race,Sakhir,Bahrain,2024
9472,16,Charles LECLERC,Ferrari,4,5544.411,48.1,5496.311,240,267,320,234.8837209,258.0526316,299.32,Race,Sakhir,Bahrain,2024
9472,63,George RUSSELL,Mercedes,5,5551.53,49.5,5502.03,237,267,323,231.5777778,255.3684211,293.372549,Race,Sakhir,Bahrain,2024
9472,4,Lando NORRIS,McLaren,6,5553.2,48.9,5504.3,238,270,318,233.6052632,256.4912281,296.3255814,Race,Sakhir,Bahrain,2024
9472,44,Lewis HAMILTON,Mercedes,7,5555.066,49,5506.066,239,267,320,232.9722222,254.7719298,294.5306122,Race,Sakhir,Bahrain,2024
9472,81,Oscar PIASTRI,McLaren,8,5560.824,50.2,5510.624,238,272,325,235.025,264.0175439,298.6326531,Race,Sakhir,Bahrain,2024
9472,14,Fernando ALONSO,Aston Martin,9,5579.629,49.8,5529.829,241,264,324,233.1904762,247.8947368,296.25,Race,Sakhir,Bahrain,2024
9472,18,Lance STROLL,Aston Martin,10,5597.958,48.9,5549.058,239,260,326,228.9047619,249.3508772,298.1219512,Race,Sakhir,Bahrain,2024
9472,24,ZHOU Guanyu,Kick Sauber,11,,50.2,,239,261,322,233.35,249.4285714,300.1111111,Race,Sakhir,Bahrain,2024
9472,20,Kevin MAGNUSSEN,Haas F1 Team,12,,50.3,,238,265,331,232.7073171,256.875,302.7755102,Race,Sakhir,Bahrain,2024
9472,3,Daniel RICCIARDO,RB,13,,49.7,,240,263,326,234.625,253.25,300.66,Race,Sakhir,Bahrain,2024
9472,22,Yuki TSUNODA,RB,14,,49,,237,265,326,230.1702128,254.1428571,302.1153846,Race,Sakhir,Bahrain,2024
9472,23,Alexander ALBON,Williams,15,,49.2,,238,266,330,231.3953488,253.7857143,298.75,Race,Sakhir,Bahrain,2024
9472,27,Nico HULKENBERG,Haas F1 Team,16,,85.6,,239,269,332,233.8043478,250.2321429,295.2051282,Race,Sakhir,Bahrain,2024
9472,31,Esteban OCON,Alpine,17,,49.9,,237,258,313,231.7,253.5357143,290.3333333,Race,Sakhir,Bahrain,2024
9472,10,Pierre GASLY,Alpine,18,,81.5,,237,263,312,230.7777778,253.1428571,292.9215686,Race,Sakhir,Bahrain,2024
9472,77,Valtteri BOTTAS,Kick Sauber,19,,101.1,,238,261,323,233.4634146,253.125,296.5384615,Race,Sakhir,Bahrain,2024
9472,2,Logan SARGEANT,Williams,20,,86,,236,263,325,229,255.6363636,288.9803922,Race,Sakhir,Bahrain,2024
9673,1,Max VERSTAPPEN,Red Bull Racing,1,6052.554,44.6,6007.954,277,269,333,255.6046512,252.3571429,291.2857143,Race,Shanghai,China,2024
9673,4,Lando NORRIS,McLaren,2,6066.327,22.1,6044.227,278,271,331,262.5217391,253.7678571,292.0535714,Race,Shanghai,China,2024
9673,11,Sergio PEREZ,Red Bull Racing,3,6071.714,44.3,6027.414,282,271,334,259.0196078,257.8035714,299.0178571,Race,Shanghai,China,2024
9673,16,Charles LECLERC,Ferrari,4,6076.177,22.3,6053.877,282,270,333,256.547619,255.9821429,296.6428571,Race,Shanghai,China,2024
9673,55,Carlos SAINZ,Ferrari,5,6086.537,22.6,6063.937,280,271,332,263.6938776,257.7142857,299.0535714,Race,Shanghai,China,2024
9673,63,George RUSSELL,Mercedes,6,6091.278,45.1,6046.178,280,272,336,263.8958333,259.6428571,295.2321429,Race,Shanghai,China,2024
9673,14,Fernando ALONSO,Aston Martin,7,6095.968,68.7,6027.268,279,273,335,263.0869565,259.1428571,295.8571429,Race,Shanghai,China,2024
9673,81,Oscar PIASTRI,McLaren,8,6108.752,44.8,6063.952,279,271,329,262.0416667,255.7321429,294.0714286,Race,Shanghai,China,2024
9673,44,Lewis HAMILTON,Mercedes,9,6110.54,45.1,6065.44,280,270,341,262.2916667,252.6428571,296.5714286,Race,Shanghai,China,2024
9673,27,Nico HULKENBERG,Haas F1 Team,10,6113.03,46.3,6066.73,280,272,340,263.2888889,258.6785714,297.9107143,Race,Shanghai,China,2024
9673,31,Esteban OCON,Alpine,11,6115.366,46.3,6069.066,280,272,329,256.075,249.6607143,286.0178571,Race,Shanghai,China,2024
9673,23,Alexander ALBON,Williams,12,6118.06,46.8,6071.26,279,271,337,260.5652174,253.2857143,295.5535714,Race,Shanghai,China,2024
9673,10,Pierre GASLY,Alpine,13,6121.777,86.4,6035.377,280,269,337,257.255814,246.9464286,288.8392857,Race,Shanghai,China,2024
9673,24,ZHOU Guanyu,Kick Sauber,14,6124.243,72.1,6052.143,279,271,338,262.0425532,251.6964286,292.1964286,Race,Shanghai,China,2024
9673,18,Lance STROLL,Aston Martin,15,6135.34,174.6,5960.74,285,272,347,258.4878049,255.6607143,299.2321429,Race,Shanghai,China,2024
9673,20,Kevin MAGNUSSEN,Haas F1 Team,16,6140.087,48.6,6091.487,283,270,344,266.0666667,250.7857143,290.7321429,Race,Shanghai,China,2024
9673,2,Logan SARGEANT,Williams,17,6147.664,45.8,6101.864,278,273,335,261.84,253.1964286,291.5892857,Race,Shanghai,China,2024
9673,3,Daniel RICCIARDO,RB,,,22.5,,277,270,340,259.8214286,243.0606061,284.0606061,Race,Shanghai,China,2024
9673,77,Valtteri BOTTAS,Kick Sauber,,,22.9,,278,272,341,270.0588235,263.05,316.7894737,Race,Shanghai,China,2024
9673,22,Yuki TSUNODA,RB,,,45.4,,285,274,337,265.4090909,249.1538462,295.3076923,Race,Shanghai,China,2024
9558,44,Lewis HAMILTON,Mercedes,1,4947.059,58.9,4888.159,313,264,319,295.4166667,254.5,299.9038462,Race,Silverstone,United Kingdom,2024
9558,1,Max VERSTAPPEN,Red Bull Racing,2,4948.524,57.3,4891.224,316,266,327,293.5909091,254.5961538,295.9230769,Race,Silverstone,United Kingdom,2024
9558,4,Lando NORRIS,McLaren,3,4954.606,58.9,4895.706,317,264,326,295.9347826,255.5384615,301.6346154,Race,Silverstone,United Kingdom,2024
9558,81,Oscar PIASTRI,McLaren,4,4959.488,58.7,4900.788,316,266,329,297.1162791,255.1923077,304.7115385,Race,Silverstone,United Kingdom,2024
9558,55,Carlos SAINZ,Ferrari,5,4994.377,86.8,4907.577,314,265,322,292.9591837,254.4423077,300.2307692,Race,Silverstone,United Kingdom,2024
9558,27,Nico HULKENBERG,Haas F1 Team,6,5002.781,59.6,4943.181,311,262,325,294.9347826,253.75,305,Race,Silverstone,United Kingdom,2024
9558,18,Lance STROLL,Aston Martin,7,5003.628,58.4,4945.228,319,263,328,295.5853659,252.9038462,302.1730769,Race,Silverstone,United Kingdom,2024
9558,14,Fernando ALONSO,Aston Martin,8,5010.636,58.9,4951.736,322,262,332,294.8444444,253.5576923,302.0576923,Race,Silverstone,United Kingdom,2024
9558,23,Alexander ALBON,Williams,9,5015.446,64.1,4951.346,318,265,331,298.6444444,253.2115385,308.0961538,Race,Silverstone,United Kingdom,2024
9558,22,Yuki TSUNODA,RB,10,5026.362,59.6,4966.762,322,262,333,300.5434783,253.6538462,306.2307692,Race,Silverstone,United Kingdom,2024
9558,2,Logan SARGEANT,Williams,11,5036.019,62.2,4973.819,318,266,329,298.787234,251.2115385,306.4807692,Race,Silverstone,United Kingdom,2024
9558,20,Kevin MAGNUSSEN,Haas F1 Team,12,5037.212,60.1,4977.112,323,261,334,295.0888889,251.4230769,304.1538462,Race,Silverstone,United Kingdom,2024
9558,3,Daniel RICCIARDO,RB,13,,58.6,,321,260,327,295.7045455,250.8039216,303.4313725,Race,Silverstone,United Kingdom,2024
9558,16,Charles LECLERC,Ferrari,14,,86.7,,312,265,328,291.5348837,250.4117647,301.5686275,Race,Silverstone,United Kingdom,2024
9558,77,Valtteri BOTTAS,Kick Sauber,15,,62.1,,311,259,322,283.5,250.0588235,292.8235294,Race,Silverstone,United Kingdom,2024
9558,31,Esteban OCON,Alpine,16,,114.8,,325,260,332,276.3095238,250.56,289.68,Race,Silverstone,United Kingdom,2024
9558,11,Sergio PEREZ,Red Bull Racing,17,,118.7,,323,263,335,290.8888889,250.86,304,Race,Silverstone,United Kingdom,2024
9558,24,ZHOU Guanyu,Kick Sauber,18,,121,,312,260,329,287.6136364,249.58,294.2,Race,Silverstone,United Kingdom,2024
9558,63,George RUSSELL,Mercedes,,,32,,299,258,309,293.2592593,253.3939394,297.3939394,Race,Silverstone,United Kingdom,2024
9558,10,Pierre GASLY,Alpine,,,0,,,,,,,,Race,Silverstone,United Kingdom,2024
9574,44,Lewis HAMILTON,Mercedes,1,4797.566,45.8,4751.766,337,211,317,317.9210526,204.5227273,309.9354839,Race,Spa-Francorchamps,Belgium,2024
9574,81,Oscar PIASTRI,McLaren,2,4798.213,46.7,4751.513,348,212,320,323.9722222,203.9318182,315.3214286,Race,Spa-Francorchamps,Belgium,2024
9574,16,Charles LECLERC,Ferrari,3,4805.589,46.2,4759.389,326,210,316,315.05,203.8863636,311.5,Race,Spa-Francorchamps,Belgium,2024
9574,1,Max VERSTAPPEN,Red Bull Racing,4,4806.266,46.1,4760.166,344,211,319,327.5897436,204,312.1944444,Race,Spa-Francorchamps,Belgium,2024
9574,4,Lando NORRIS,McLaren,5,4806.89,45.2,4761.69,350,209,322,327.4736842,203.3181818,315.2258065,Race,Spa-Francorchamps,Belgium,2024
9574,55,Carlos SAINZ,Ferrari,6,4816.835,46,4770.835,349,213,319,320.55,202.7045455,312.7777778,Race,Spa-Francorchamps,Belgium,2024
9574,11,Sergio PEREZ,Red Bull Racing,7,4840.235,67.8,4772.435,329,210,315,314.6744186,202.5227273,310.3939394,Race,Spa-Francorchamps,Belgium,2024
9574,14,Fernando ALONSO,Aston Martin,8,4847.003,23,4824.003,341,209,317,319.3243243,202.6136364,311.2592593,Race,Spa-Francorchamps,Belgium,2024
9574,31,Esteban OCON,Alpine,9,4849.592,46.8,4802.792,349,207,325,329.5789474,200.6363636,318.8055556,Race,Spa-Francorchamps,Belgium,2024
9574,3,Daniel RICCIARDO,RB,10,4851.966,44.9,4807.066,345,209,316,320.9767442,202.5681818,311.030303,Race,Spa-Francorchamps,Belgium,2024
9574,18,Lance STROLL,Aston Martin,11,4860.051,23,4837.051,357,207,315,323.2564103,200.6590909,310.5333333,Race,Spa-Francorchamps,Belgium,2024
9574,23,Alexander ALBON,Williams,12,4860.691,46.7,4813.991,349,204,320,326.2619048,198.2272727,314.15625,Race,Spa-Francorchamps,Belgium,2024
9574,10,Pierre GASLY,Alpine,13,4861.405,45.7,4815.705,348,208,324,324.7179487,201.3863636,313.2702703,Race,Spa-Francorchamps,Belgium,2024
9574,20,Kevin MAGNUSSEN,Haas F1 Team,14,4863.671,23.6,4840.071,342,204,318,321.8461538,198.6590909,312.75,Race,Spa-Francorchamps,Belgium,2024
9574,77,Valtteri BOTTAS,Kick Sauber,15,4867.678,46,4821.678,348,208,319,323.5526316,201.7272727,312.6944444,Race,Spa-Francorchamps,Belgium,2024
9574,22,Yuki TSUNODA,RB,16,4873.777,23.4,4850.377,343,209,317,321.1621622,202.25,310.0909091,Race,Spa-Francorchamps,Belgium,2024
9574,2,Logan SARGEANT,Williams,17,4883.097,46.9,4836.197,350,204,320,320.9,198.0909091,311.6857143,Race,Spa-Francorchamps,Belgium,2024
9574,27,Nico HULKENBERG,Haas F1 Team,18,4885.873,46.7,4839.173,351,206,321,323.3414634,199.9090909,313.6060606,Race,Spa-Francorchamps,Belgium,2024
9574,63,George RUSSELL,Mercedes,,4797.04,22.6,4774.44,344,211,317,325.1081081,204.2954545,312.4666667,Race,Spa-Francorchamps,Belgium,2024
9574,24,ZHOU Guanyu,Kick Sauber,,,0,,340,199,314,318.2,169.8,301,Race,Spa-Francorchamps,Belgium,2024
9550,63,George RUSSELL,Mercedes,1,5062.798,42.8,5019.998,317,238,321,296.5396825,228.9577465,298.1408451,Race,Spielberg,Austria,2024
9550,81,Oscar PIASTRI,McLaren,2,5064.704,41.6,5023.104,323,236,318,295.6896552,226.9577465,297.6338028,Race,Spielberg,Austria,2024
9550,55,Carlos SAINZ,Ferrari,3,5067.331,42.4,5024.931,311,234,313,295.1641791,226.1408451,295.6197183,Race,Spielberg,Austria,2024
9550,44,Lewis HAMILTON,Mercedes,4,5085.94,48.7,5037.24,320,235,315,294.9482759,228.0140845,297.6619718,Race,Spielberg,Austria,2024
9550,1,Max VERSTAPPEN,Red Bull Racing,5,5100.051,70.3,5029.751,309,240,307,291.6166667,228.9859155,295.4366197,Race,Spielberg,Austria,2024
9550,27,Nico HULKENBERG,Haas F1 Team,6,5116.886,44.1,5072.786,315,230,325,296.4461538,223.6478873,298.6197183,Race,Spielberg,Austria,2024
9550,11,Sergio PEREZ,Red Bull Racing,7,5117.47,48.7,5068.77,320,228,324,298.0615385,221.9014085,297.5352113,Race,Spielberg,Austria,2024
9550,20,Kevin MAGNUSSEN,Haas F1 Team,8,5123.153,43.3,5079.853,326,229,321,302.6774194,222.6338028,302.7746479,Race,Spielberg,Austria,2024
9550,3,Daniel RICCIARDO,RB,9,5123.967,42.5,5081.467,328,231,322,303.3050847,224.4225352,303.5774648,Race,Spielberg,Austria,2024
9550,10,Pierre GASLY,Alpine,10,5124.564,43.4,5081.164,328,231,322,303.1746032,221.8732394,298.9859155,Race,Spielberg,Austria,2024
9550,16,Charles LECLERC,Ferrari,11,5129.854,96.6,5033.254,320,233,323,301.0895522,224.5211268,301.0704225,Race,Spielberg,Austria,2024
9550,31,Esteban OCON,Alpine,12,5131.123,43.4,5087.723,322,233,321,293.3283582,222.5070423,294.1267606,Race,Spielberg,Austria,2024
9550,18,Lance STROLL,Aston Martin,13,,42.6,,327,232,320,295.3538462,225.4571429,299.5571429,Race,Spielberg,Austria,2024
9550,22,Yuki TSUNODA,RB,14,,44.6,,324,231,320,295.4915254,222.8428571,293.4,Race,Spielberg,Austria,2024
9550,23,Alexander ALBON,Williams,15,,43.4,,327,232,323,298.704918,223.8142857,301.2857143,Race,Spielberg,Austria,2024
9550,77,Valtteri BOTTAS,Kick Sauber,16,,43.8,,322,231,317,292.6060606,223.3285714,293.4,Race,Spielberg,Austria,2024
9550,24,ZHOU Guanyu,Kick Sauber,17,,44.6,,311,229,311,288.0967742,222.4571429,293.3142857,Race,Spielberg,Austria,2024
9550,14,Fernando ALONSO,Aston Martin,18,,77.7,,327,241,323,299.3230769,225.8142857,301.5428571,Race,Spielberg,Austria,2024
9550,2,Logan SARGEANT,Williams,19,,76.2,,319,233,321,292.7384615,226,293.9275362,Race,Spielberg,Austria,2024
9550,4,Lando NORRIS,McLaren,20,,43,,321,240,316,300.4423077,228.4375,297.0625,Race,Spielberg,Austria,2024
9496,1,Max VERSTAPPEN,Red Bull Racing,1,6863.566,1621.9,5241.666,283,301,302,275.32,293.245283,285.754717,Race,Suzuka,Japan,2024
9496,11,Sergio PEREZ,Red Bull Racing,2,6876.101,1623.4,5252.701,282,307,305,276.7045455,295.8490566,290.7358491,Race,Suzuka,Japan,2024
9496,55,Carlos SAINZ,Ferrari,3,6884.432,1626.6,5257.832,285,304,307,276.787234,295.8301887,294.4528302,Race,Suzuka,Japan,2024
9496,16,Charles LECLERC,Ferrari,4,6890.088,1606.5,5283.588,282,301,303,274.9555556,293.9056604,291.6415094,Race,Suzuka,Japan,2024
9496,4,Lando NORRIS,McLaren,5,6893.266,1626.3,5266.966,282,302,302,278.1578947,296.5849057,293.3207547,Race,Suzuka,Japan,2024
9496,14,Fernando ALONSO,Aston Martin,6,6907.838,1626.9,5280.938,283,301,303,277.9534884,293.5660377,291.509434,Race,Suzuka,Japan,2024
9496,63,George RUSSELL,Mercedes,7,6909.517,1627.6,5281.917,284,307,307,277.525,295.0566038,292.7924528,Race,Suzuka,Japan,2024
9496,81,Oscar PIASTRI,McLaren,8,6911.091,1626.4,5284.691,283,303,304,278.6857143,295.754717,294.490566,Race,Suzuka,Japan,2024
9496,44,Lewis HAMILTON,Mercedes,9,6912.192,1627.8,5284.392,283,304,303,277.7317073,294.9811321,291.7169811,Race,Suzuka,Japan,2024
9496,22,Yuki TSUNODA,RB,10,,1631.2,,281,304,308,275.8125,295.3333333,295.1372549,Race,Suzuka,Japan,2024
9496,27,Nico HULKENBERG,Haas F1 Team,11,,1628.3,,282,309,309,276.7857143,300,296.0384615,Race,Suzuka,Japan,2024
9496,18,Lance STROLL,Aston Martin,12,,1655.3,,280,303,303,274.4878049,294.1153846,289.1923077,Race,Suzuka,Japan,2024
9496,20,Kevin MAGNUSSEN,Haas F1 Team,13,,1610.7,,281,305,307,274.2857143,298.5384615,296.3076923,Race,Suzuka,Japan,2024
9496,77,Valtteri BOTTAS,Kick Sauber,14,,1633.2,,280,302,302,271.4772727,293.5961538,290.9615385,Race,Suzuka,Japan,2024
9496,31,Esteban OCON,Alpine,15,,1633.4,,280,304,302,273.2058824,295.8846154,293.2884615,Race,Suzuka,Japan,2024
9496,10,Pierre GASLY,Alpine,16,,1633.6,,278,304,305,270.0487805,295.8653846,294.3846154,Race,Suzuka,Japan,2024
9496,2,Logan SARGEANT,Williams,17,,1658.1,,282,308,306,277.8684211,298.6153846,294.1346154,Race,Suzuka,Japan,2024
9496,23,Alexander ALBON,Williams,,,0,,,,,,,,Race,Suzuka,Japan,2024
9496,3,Daniel RICCIARDO,RB,,,0,,,,,,,,Race,Suzuka,Japan,2024
9496,24,ZHOU Guanyu,Kick Sauber,,,1633.4,,277,302,302,268.0909091,281.6666667,275.1666667,Race,Suzuka,Japan,2024
9636,1,Max VERSTAPPEN,Red Bull Racing,1,7614.43,1409.3,6205.13,307,240,282,286.4237288,209.6521739,249.6470588,Race,São Paulo,Brazil,2024
9636,31,Esteban OCON,Alpine,2,7633.907,1408.6,6225.307,303,230,281,275.0892857,205.0289855,240.0923077,Race,São Paulo,Brazil,2024
9636,10,Pierre GASLY,Alpine,3,7636.962,1407.5,6229.462,306,233,278,282.1666667,207.5652174,244.5322581,Race,São Paulo,Brazil,2024
9636,63,George RUSSELL,Mercedes,4,7637.695,1441.4,6196.295,309,233,271,276.0188679,209.5797101,239.4126984,Race,São Paulo,Brazil,2024
9636,16,Charles LECLERC,Ferrari,5,7644.607,1444.773,6199.834,307,240,294,283.0196078,214.5507246,249.0447761,Race,São Paulo,Brazil,2024
9636,4,Lando NORRIS,McLaren,6,7645.802,1440,6205.802,306,235,287,280.5535714,207.3043478,243.2089552,Race,São Paulo,Brazil,2024
9636,22,Yuki TSUNODA,RB,7,7656.486,1444.4,6212.086,303,229,273,273.4181818,204.2753623,239.7272727,Race,São Paulo,Brazil,2024
9636,81,Oscar PIASTRI,McLaren,8,7659.373,1446.25,6213.123,308,232,277,279.828125,207.942029,238.9180328,Race,São Paulo,Brazil,2024
9636,30,Liam LAWSON,RB,9,7664.882,1450.867,6214.015,307,235,271,282.9821429,211.0289855,239.5076923,Race,São Paulo,Brazil,2024
9636,44,Lewis HAMILTON,Mercedes,10,7665.183,1450.905,6214.278,312,233,286,285.7903226,204.7536232,237.7575758,Race,São Paulo,Brazil,2024
9636,11,Sergio PEREZ,Red Bull Racing,11,7665.961,1451.8,6214.161,309,235,286,275.1044776,201.7246377,240.6212121,Race,São Paulo,Brazil,2024
9636,50,Oliver BEARMAN,Haas F1 Team,12,7671.515,1460.4,6211.115,309,234,288,279.6491228,211.2173913,245.2222222,Race,São Paulo,Brazil,2024
9636,77,Valtteri BOTTAS,Kick Sauber,13,7678.018,1422,6256.018,298,229,285,275.6,205.2898551,250.2307692,Race,São Paulo,Brazil,2024
9636,14,Fernando ALONSO,Aston Martin,14,7692.479,1447.907,6244.572,305,232,288,277.2258065,209.3478261,234.8,Race,São Paulo,Brazil,2024
9636,24,ZHOU Guanyu,Kick Sauber,15,7694.079,1403.909,6290.17,300,238,274,271.559322,207.7391304,232.0483871,Race,São Paulo,Brazil,2024
9636,55,Carlos SAINZ,Ferrari,,,1450.5,,308,227,278,275.3636364,208,240.2058824,Race,São Paulo,Brazil,2024
9636,43,Franco COLAPINTO,Williams,,,50.526,,305,233,271,286.6153846,212.483871,239.6428571,Race,São Paulo,Brazil,2024
9636,18,Lance STROLL,Aston Martin,,,0,,,,,,,,Race,São Paulo,Brazil,2024
9636,27,Nico HULKENBERG,Haas F1 Team,,,112.943,,304,230,275,279.72,206.0333333,246.4615385,Race,São Paulo,Brazil,2024
9662,4,Lando NORRIS,McLaren,1,5193.291,21.276,5172.015,295,307,315,286.1136364,296.362069,303.3965517,Race,Yas Island,United Arab Emirates,2024
9662,55,Carlos SAINZ,Ferrari,2,5199.123,21.28,5177.843,296,304,315,286.3777778,296.0862069,307.5517241,Race,Yas Island,United Arab Emirates,2024
9662,16,Charles LECLERC,Ferrari,3,5225.219,21.869,5203.35,296,327,333,287.6153846,299,310.8793103,Race,Yas Island,United Arab Emirates,2024
9662,44,Lewis HAMILTON,Mercedes,4,5229.774,21.694,5208.08,299,326,337,288.9148936,299.137931,310.0344828,Race,Yas Island,United Arab Emirates,2024
9662,63,George RUSSELL,Mercedes,5,5230.829,21.656,5209.173,296,323,331,288.75,297.0517241,305.8448276,Race,Yas Island,United Arab Emirates,2024
9662,1,Max VERSTAPPEN,Red Bull Racing,6,5243.138,32.652,5210.486,295,327,333,287.3265306,299.8793103,311.3448276,Race,Yas Island,United Arab Emirates,2024
9662,10,Pierre GASLY,Alpine,7,5265.851,22.059,5243.792,290,322,322,283.4,292.1206897,301.9482759,Race,Yas Island,United Arab Emirates,2024
9662,27,Nico HULKENBERG,Haas F1 Team,8,5268.845,21.53,5247.315,294,327,320,288.0612245,296.9482759,305.4482759,Race,Yas Island,United Arab Emirates,2024
9662,14,Fernando ALONSO,Aston Martin,9,5275.664,45.763,5229.901,295,326,332,284.4117647,294.7241379,301.2413793,Race,Yas Island,United Arab Emirates,2024
9662,81,Oscar PIASTRI,McLaren,10,5277.112,56.356,5220.756,295,322,341,288.7291667,298.7068966,304.7413793,Race,Yas Island,United Arab Emirates,2024
9662,23,Alexander ALBON,Williams,11,,22.065,,296,318,334,287.7826087,297.5087719,309.8245614,Race,Yas Island,United Arab Emirates,2024
9662,22,Yuki TSUNODA,RB,12,,21.869,,293,323,326,285.9583333,296.7719298,303.6140351,Race,Yas Island,United Arab Emirates,2024
9662,24,ZHOU Guanyu,Kick Sauber,13,,51.789,,293,324,326,285.6382979,289.4736842,300.9122807,Race,Yas Island,United Arab Emirates,2024
9662,18,Lance STROLL,Aston Martin,14,,45.319,,297,325,340,287.52,290.9122807,306.1052632,Race,Yas Island,United Arab Emirates,2024
9662,61,Jack DOOHAN,Alpine,15,,22.08,,291,323,325,285,292.6315789,303.5087719,Race,Yas Island,United Arab Emirates,2024
9662,20,Kevin MAGNUSSEN,Haas F1 Team,16,,92.946,,296,322,336,287.6304348,297.8947368,306.0350877,Race,Yas Island,United Arab Emirates,2024
9662,30,Liam LAWSON,RB,17,,78.297,,291,323,316,282.3181818,290.6363636,299.1636364,Race,Yas Island,United Arab Emirates,2024
9662,43,Franco COLAPINTO,Williams,,,24.941,,291,309,312,286.7142857,288.5384615,295.3846154,Race,Yas Island,United Arab Emirates,2024
9662,11,Sergio PEREZ,Red Bull Racing,,,0,,283,128,305,283,128,305,Race,Yas Island,United Arab Emirates,2024
9662,77,Valtteri BOTTAS,Kick Sauber,,,41.144,,287,314,324,281,283.7666667,300.1666667,Race,Yas Island,United Arab Emirates,2024
9582,4,Lando NORRIS,McLaren,1,5445.519,21.5,5424.019,291,274,322,286.8333333,265.3333333,296.7538462,Race,Zandvoort,Netherlands,2024
9582,1,Max VERSTAPPEN,Red Bull Racing,2,5468.415,20.7,5447.715,289,273,323,284.3461538,259.6805556,298.122807,Race,Zandvoort,Netherlands,2024
9582,16,Charles LECLERC,Ferrari,3,5470.958,20.8,5450.158,291,275,321,286.6590909,267.2916667,306.3166667,Race,Zandvoort,Netherlands,2024
9582,81,Oscar PIASTRI,McLaren,4,5472.856,20.9,5451.956,293,279,326,286.0892857,267.6527778,303.84375,Race,Zandvoort,Netherlands,2024
9582,55,Carlos SAINZ,Ferrari,5,5477.656,20.8,5456.856,292,277,335,287.4464286,266.9583333,305.0307692,Race,Zandvoort,Netherlands,2024
9582,11,Sergio PEREZ,Red Bull Racing,6,5485.061,22.9,5462.161,293,279,314,290,267.1666667,303.0923077,Race,Zandvoort,Netherlands,2024
9582,63,George RUSSELL,Mercedes,7,5490.136,42.9,5447.236,293,278,315,288.0576923,267.1527778,305.0357143,Race,Zandvoort,Netherlands,2024
9582,44,Lewis HAMILTON,Mercedes,8,5495.118,42.1,5453.018,293,283,330,287.8,269.9444444,296.0735294,Race,Zandvoort,Netherlands,2024
9582,10,Pierre GASLY,Alpine,9,,22.6,,290,277,326,285.1090909,264.1830986,301.3684211,Race,Zandvoort,Netherlands,2024
9582,14,Fernando ALONSO,Aston Martin,10,,21.3,,291,280,328,285.9038462,266.7323944,301.125,Race,Zandvoort,Netherlands,2024
9582,27,Nico HULKENBERG,Haas F1 Team,11,,21.6,,291,277,328,286.2083333,267.1549296,305.3548387,Race,Zandvoort,Netherlands,2024
9582,3,Daniel RICCIARDO,RB,12,,20.9,,290,279,321,283.4727273,265.2816901,302,Race,Zandvoort,Netherlands,2024
9582,18,Lance STROLL,Aston Martin,13,,21.3,,291,278,327,286.2916667,267.7464789,302.203125,Race,Zandvoort,Netherlands,2024
9582,23,Alexander ALBON,Williams,14,,42.2,,289,278,328,282.0740741,266.6478873,306.2903226,Race,Zandvoort,Netherlands,2024
9582,31,Esteban OCON,Alpine,15,,21,,293,285,318,284.2711864,266.3098592,299.5254237,Race,Zandvoort,Netherlands,2024
9582,2,Logan SARGEANT,Williams,16,,22,,293,281,327,287.5263158,266.0140845,303.7419355,Race,Zandvoort,Netherlands,2024
9582,22,Yuki TSUNODA,RB,17,,42,,294,278,315,285.4528302,268.3239437,298.6769231,Race,Zandvoort,Netherlands,2024
9582,20,Kevin MAGNUSSEN,Haas F1 Team,18,,21.4,,296,283,330,286.862069,266.9859155,304.7462687,Race,Zandvoort,Netherlands,2024
9582,77,Valtteri BOTTAS,Kick Sauber,19,,42.2,,288,278,324,281.9833333,260.3571429,293.1269841,Race,Zandvoort,Netherlands,2024
9582,24,ZHOU Guanyu,Kick Sauber,20,,43.2,,287,276,310,273.7142857,259.5857143,286.2,Race,Zandvoort,Netherlands,2024
9636,23,Alexander ALBON,Williams,,,0,,,,,,,,,,,2024
9888,1,Max VERSTAPPEN,Red Bull Racing,1,5640.161,23.987,5616.174,234,184,321,221.2888889,178.3035714,303.1071429,Race,Austin,United States,2025
9888,4,Lando NORRIS,McLaren,2,5648.12,24.58,5623.54,234,186,334,220.5490196,179.8392857,310.1428571,Race,Austin,United States,2025
9888,16,Charles LECLERC,Ferrari,3,5655.534,23.718,5631.816,235,187,330,224.6470588,179.625,304.0357143,Race,Austin,United States,2025
9888,44,Lewis HAMILTON,Ferrari,4,5668.697,23.937,5644.76,234,188,330,221.3191489,180.4464286,305.5178571,Race,Austin,United States,2025
9888,81,Oscar PIASTRI,McLaren,5,5669.839,23.452,5646.387,228,185,328,219.244898,179.8392857,302,Race,Austin,United States,2025
9888,63,George RUSSELL,Mercedes,6,5673.617,23.555,5650.062,229,185,319,220.1875,179.5535714,303,Race,Austin,United States,2025
9888,22,Yuki TSUNODA,Red Bull Racing,7,5692.875,24.539,5668.336,223,179,329,213.4901961,173.3214286,304.125,Race,Austin,United States,2025
9888,27,Nico HULKENBERG,Kick Sauber,8,5697.41,23.753,5673.657,223,187,335,212.3148148,180.1607143,301.0357143,Race,Austin,United States,2025
9888,87,Oliver BEARMAN,Haas F1 Team,9,5704.883,24.11,5680.773,231,188,334,218.0769231,179.9821429,304.7142857,Race,Austin,United States,2025
9888,14,Fernando ALONSO,Aston Martin,10,5710.162,24.054,5686.108,227,187,319,212.8163265,181.6785714,301.875,Race,Austin,United States,2025
9888,30,Liam LAWSON,Racing Bulls,11,5713.37,23.681,5689.689,229,184,335,216.122449,178.2321429,300.3214286,Race,Austin,United States,2025
9888,18,Lance STROLL,Aston Martin,12,5714.939,24.192,5690.747,217,186,335,204.0961538,179.1428571,306.4107143,Race,Austin,United States,2025
9888,12,Kimi ANTONELLI,Mercedes,13,5715.907,23.949,5691.958,225,186,336,212.2444444,179.8214286,309,Race,Austin,United States,2025
9888,23,Alexander ALBON,Williams,14,5720.161,48.345,5671.816,225,187,337,213.74,178.3035714,312.5535714,Race,Austin,United States,2025
9888,31,Esteban OCON,Haas F1 Team,15,5723.204,25.06,5698.144,232,192,338,217.4807692,178.3035714,306.6785714,Race,Austin,United States,2025
9888,6,Isack HADJAR,Racing Bulls,16,5732.968,23.831,5709.137,230,184,333,215.5714286,176.4642857,305.4464286,Race,Austin,United States,2025
9888,43,Franco COLAPINTO,Alpine,17,,24.045,,232,180,338,217.0208333,171.2181818,305.2,Race,Austin,United States,2025
9888,5,Gabriel BORTOLETO,Kick Sauber,18,,49.574,,223,186,335,211.04,180.0727273,307.7090909,Race,Austin,United States,2025
9888,10,Pierre GASLY,Alpine,19,,26.631,,227,182,328,212.6938776,176.4727273,297.5272727,Race,Austin,United States,2025
9888,55,Carlos SAINZ,Williams,,,0,,218,184,339,210.8333333,180.3333333,329.8333333,Race,Austin,United States,2025
9904,1,Max VERSTAPPEN,Red Bull Racing,1,5606.408,20.221,5586.187,218,227,323,200.4666667,210.5490196,307.2941176,Race,Baku,Azerbaijan,2025
9904,63,George RUSSELL,Mercedes,2,5621.017,19.809,5601.208,221,229,329,200.4255319,210.4313725,310.8823529,Race,Baku,Azerbaijan,2025
9904,55,Carlos SAINZ,Williams,3,5625.607,20.508,5605.099,215,217,321,196.4680851,200.6078431,306.6470588,Race,Baku,Azerbaijan,2025
9904,12,Kimi ANTONELLI,Mercedes,4,5628.168,20.669,5607.499,216,218,329,198.4897959,200.4313725,312.4117647,Race,Baku,Azerbaijan,2025
9904,30,Liam LAWSON,Racing Bulls,5,5639.698,20.283,5619.415,214,216,326,193.6458333,199.2941176,308.6666667,Race,Baku,Azerbaijan,2025
9904,22,Yuki TSUNODA,Red Bull Racing,6,5640.216,20.323,5619.893,210,216,325,192.2826087,199.1568627,309.0392157,Race,Baku,Azerbaijan,2025
9904,4,Lando NORRIS,McLaren,7,5640.635,21.975,5618.66,213,213,333,193.0666667,200.0196078,315.2352941,Race,Baku,Azerbaijan,2025
9904,44,Lewis HAMILTON,Ferrari,8,5642.718,20.062,5622.656,208,216,329,188.3695652,201.1568627,311.7843137,Race,Baku,Azerbaijan,2025
9904,16,Charles LECLERC,Ferrari,9,5643.182,20.5,5622.682,210,215,327,194.4,199.4313725,314.3921569,Race,Baku,Azerbaijan,2025
9904,6,Isack HADJAR,Racing Bulls,10,5645.39,20.294,5625.096,224,225,323,200.0212766,206.0980392,307.2941176,Race,Baku,Azerbaijan,2025
9904,5,Gabriel BORTOLETO,Kick Sauber,11,5674.014,20.845,5653.169,210,218,333,189.9787234,200.627451,311.0196078,Race,Baku,Azerbaijan,2025
9904,87,Oliver BEARMAN,Haas F1 Team,12,5674.67,21.194,5653.476,214,226,333,186.6956522,200.0784314,314.5294118,Race,Baku,Azerbaijan,2025
9904,23,Alexander ALBON,Williams,13,5679.278,41.247,5638.031,213,225,333,190.8444444,202.0392157,315.0196078,Race,Baku,Azerbaijan,2025
9904,31,Esteban OCON,Haas F1 Team,14,5683.988,41.45,5642.538,206,215,327,185.5744681,196.5098039,312.9019608,Race,Baku,Azerbaijan,2025
9904,14,Fernando ALONSO,Aston Martin,15,5685.115,25.768,5659.347,208,217,330,190.0204082,196.9215686,311.7254902,Race,Baku,Azerbaijan,2025
9904,27,Nico HULKENBERG,Kick Sauber,16,5686.645,19.97,5666.675,219,229,328,190.244898,205,311.6666667,Race,Baku,Azerbaijan,2025
9904,18,Lance STROLL,Aston Martin,17,5702.8,21.82,5680.98,208,213,325,188.4680851,194.9607843,309.1372549,Race,Baku,Azerbaijan,2025
9904,10,Pierre GASLY,Alpine,18,,21.5,,208,215,331,187.6304348,197.8,313.32,Race,Baku,Azerbaijan,2025
9904,43,Franco COLAPINTO,Alpine,19,,21.088,,210,217,326,191.3061224,197.44,310.86,Race,Baku,Azerbaijan,2025
9904,81,Oscar PIASTRI,McLaren,,,0,,188,,,188,,,Race,Baku,Azerbaijan,2025
9971,81,Oscar PIASTRI,McLaren,1,5577.375,66.444,5510.931,279,287,322,260.8,259.1818182,301.54,Race,Barcelona,Spain,2025
9971,4,Lando NORRIS,McLaren,2,5579.846,67.879,5511.967,283,288,342,262.1833333,261.1060606,306.3148148,Race,Barcelona,Spain,2025
9971,16,Charles LECLERC,Ferrari,3,5587.83,66.139,5521.691,283,292,333,265.4761905,269.4848485,301.1666667,Race,Barcelona,Spain,2025
9971,63,George RUSSELL,Mercedes,4,5588.734,66.658,5522.076,284,294,335,257.295082,263.3030303,301.375,Race,Barcelona,Spain,2025
9971,27,Nico HULKENBERG,Kick Sauber,5,5591.023,65.986,5525.037,279,296,341,254.8888889,261.8484848,308.2708333,Race,Barcelona,Spain,2025
9971,44,Lewis HAMILTON,Ferrari,6,5592.883,69.203,5523.68,287,300,322,262.0350877,267,300.9512195,Race,Barcelona,Spain,2025
9971,6,Isack HADJAR,Racing Bulls,7,5593.397,65.629,5527.768,280,296,334,257.4918033,265.8333333,303.5306122,Race,Barcelona,Spain,2025
9971,10,Pierre GASLY,Alpine,8,5595.257,67.048,5528.209,276,284,334,257.546875,259.1666667,305.1754386,Race,Barcelona,Spain,2025
9971,14,Fernando ALONSO,Aston Martin,9,5598.939,67.24,5531.699,284,285,338,256.3968254,256.1212121,306.5454545,Race,Barcelona,Spain,2025
9971,1,Max VERSTAPPEN,Red Bull Racing,10,5599.201,87.801,5511.4,280,295,341,262.1016949,264.2878788,302.5263158,Race,Barcelona,Spain,2025
9971,30,Liam LAWSON,Racing Bulls,11,5602.907,44.166,5558.741,274,280,341,257.1166667,257.8030303,309.3636364,Race,Barcelona,Spain,2025
9971,5,Gabriel BORTOLETO,Kick Sauber,12,5603.371,44.994,5558.377,282,281,341,257.4915254,256.8939394,309.5344828,Race,Barcelona,Spain,2025
9971,22,Yuki TSUNODA,Red Bull Racing,13,5606.197,88.029,5518.168,280,290,341,255.5833333,261.2121212,305.9411765,Race,Barcelona,Spain,2025
9971,55,Carlos SAINZ,Williams,14,5606.684,74.877,5531.807,268,288,342,253.6349206,260.5151515,312.5357143,Race,Barcelona,Spain,2025
9971,43,Franco COLAPINTO,Alpine,15,5608.756,66.484,5542.272,275,282,337,255.6451613,255.3939394,311.52,Race,Barcelona,Spain,2025
9971,31,Esteban OCON,Haas F1 Team,16,5609.572,45.022,5564.55,279,285,343,252.15625,259.2272727,307.8653846,Race,Barcelona,Spain,2025
9971,87,Oliver BEARMAN,Haas F1 Team,17,5614.44,67.044,5547.396,276,289,338,259.3833333,265.3333333,306.5098039,Race,Barcelona,Spain,2025
9971,23,Alexander ALBON,Williams,,,68.497,,258,278,333,250.7692308,263.8888889,310.25,Race,Barcelona,Spain,2025
9971,12,Kimi ANTONELLI,Mercedes,,,45.691,,276,280,331,268.1555556,272.1666667,307.0294118,Race,Barcelona,Spain,2025
9928,4,Lando NORRIS,McLaren,1,5721.231,20.94,5700.291,282,252,307,273.9636364,245.1,289.0862069,Race,Budapest,Hungary,2025
9928,81,Oscar PIASTRI,McLaren,2,5721.929,42.085,5679.844,276,252,315,272.4363636,245.6285714,289.5471698,Race,Budapest,Hungary,2025
9928,63,George RUSSELL,Mercedes,3,5743.147,43.153,5699.994,286,252,312,278.8039216,245.7571429,291.9636364,Race,Budapest,Hungary,2025
9928,16,Charles LECLERC,Ferrari,4,5763.791,42.266,5721.525,286,253,305,275.8780488,246.7142857,286.5,Race,Budapest,Hungary,2025
9928,14,Fernando ALONSO,Aston Martin,5,5780.271,22.204,5758.067,280,250,290,273.5384615,241.3714286,284.195122,Race,Budapest,Hungary,2025
9928,5,Gabriel BORTOLETO,Kick Sauber,6,5787.4,21.773,5765.627,278,246,303,274,239.5571429,287.1875,Race,Budapest,Hungary,2025
9928,18,Lance STROLL,Aston Martin,7,5789.405,21.464,5767.941,283,248,309,275.509434,240.6571429,291.3877551,Race,Budapest,Hungary,2025
9928,30,Liam LAWSON,Racing Bulls,8,5790.682,22.136,5768.546,283,248,304,277.0740741,241.2714286,291.0196078,Race,Budapest,Hungary,2025
9928,1,Max VERSTAPPEN,Red Bull Racing,9,5793.876,42.691,5751.185,285,253,311,278.6170213,245.6857143,294,Race,Budapest,Hungary,2025
9928,12,Kimi ANTONELLI,Mercedes,10,,22.328,,285,249,312,276.75,242.5507246,297.7894737,Race,Budapest,Hungary,2025
9928,6,Isack HADJAR,Racing Bulls,11,,21.096,,284,249,308,277.1403509,241.9565217,296.1176471,Race,Budapest,Hungary,2025
9928,44,Lewis HAMILTON,Ferrari,12,,21.15,,289,247,312,277.3958333,239.2173913,299.0350877,Race,Budapest,Hungary,2025
9928,27,Nico HULKENBERG,Kick Sauber,13,,50.2,,284,248,319,275.9649123,240.7246377,296.0338983,Race,Budapest,Hungary,2025
9928,55,Carlos SAINZ,Williams,14,,43.093,,282,247,316,275.5,239.7246377,295.7068966,Race,Budapest,Hungary,2025
9928,23,Alexander ALBON,Williams,15,,44.071,,281,250,310,273.754717,241.1014493,291.7758621,Race,Budapest,Hungary,2025
9928,31,Esteban OCON,Haas F1 Team,16,,22.444,,284,245,308,275.35,239.942029,291.22,Race,Budapest,Hungary,2025
9928,22,Yuki TSUNODA,Red Bull Racing,17,,42.836,,287,249,312,276.8909091,242.3478261,293.4680851,Race,Budapest,Hungary,2025
9928,43,Franco COLAPINTO,Alpine,18,,56.528,,283,247,309,274.5344828,240.8115942,290.6458333,Race,Budapest,Hungary,2025
9928,10,Pierre GASLY,Alpine,19,,21.699,,282,246,310,275.7586207,238.5652174,294.5098039,Race,Budapest,Hungary,2025
9928,87,Oliver BEARMAN,Haas F1 Team,,,21.754,,279,243,308,273.8,237.5833333,291.3888889,Race,Budapest,Hungary,2025
9987,1,Max VERSTAPPEN,Red Bull Racing,1,5493.199,59.648,5433.551,229,263,300,209.0625,250.5714286,271.8253968,Race,Imola,Italy,2025
9987,4,Lando NORRIS,McLaren,2,5499.308,61.188,5438.12,226,263,301,207.9245283,245.4920635,276.9365079,Race,Imola,Italy,2025
9987,81,Oscar PIASTRI,McLaren,3,5506.155,61.582,5444.573,229,262,298,207.0576923,246.6666667,275.8888889,Race,Imola,Italy,2025
9987,44,Lewis HAMILTON,Ferrari,4,5507.555,59.899,5447.656,224,262,296,204.5789474,242.7142857,273.4444444,Race,Imola,Italy,2025
9987,23,Alexander ALBON,Williams,5,5511.144,60.257,5450.887,225,263,298,207.0588235,246.5555556,275.6031746,Race,Imola,Italy,2025
9987,16,Charles LECLERC,Ferrari,6,5513.973,61.532,5452.441,223,260,297,205.7719298,245.5238095,273.031746,Race,Imola,Italy,2025
9987,63,George RUSSELL,Mercedes,7,5515.233,60.538,5454.695,224,263,304,204.8070175,249.2857143,280.8095238,Race,Imola,Italy,2025
9987,55,Carlos SAINZ,Williams,8,5516.097,60.715,5455.382,223,264,303,202.8076923,246.5396825,275.7301587,Race,Imola,Italy,2025
9987,6,Isack HADJAR,Racing Bulls,9,5516.785,60.219,5456.566,226,265,304,205.7368421,247.2063492,274.8571429,Race,Imola,Italy,2025
9987,22,Yuki TSUNODA,Red Bull Racing,10,5519.645,29.807,5489.838,225,263,302,206.8490566,247.3968254,277.1111111,Race,Imola,Italy,2025
9987,14,Fernando ALONSO,Aston Martin,11,5520.449,61.049,5459.4,226,261,304,206.6363636,247.1904762,276.7301587,Race,Imola,Italy,2025
9987,27,Nico HULKENBERG,Kick Sauber,12,5523.495,30.184,5493.311,220,259,301,202.0350877,246.015873,271.8253968,Race,Imola,Italy,2025
9987,10,Pierre GASLY,Alpine,13,5524.623,63.491,5461.132,223,266,303,205.8490566,243.8571429,278.8888889,Race,Imola,Italy,2025
9987,30,Liam LAWSON,Racing Bulls,14,5525.71,59.986,5465.724,223,264,297,209.0377358,247.8095238,276.984127,Race,Imola,Italy,2025
9987,18,Lance STROLL,Aston Martin,15,5526.192,65.714,5460.478,222,265,301,205.0612245,247.6190476,273.5555556,Race,Imola,Italy,2025
9987,43,Franco COLAPINTO,Alpine,16,5526.61,61.424,5465.186,225,265,304,206.1525424,245.4444444,280.9047619,Race,Imola,Italy,2025
9987,87,Oliver BEARMAN,Haas F1 Team,17,5527.007,88.171,5438.836,225,263,306,207.8148148,246.015873,273.6031746,Race,Imola,Italy,2025
9987,5,Gabriel BORTOLETO,Kick Sauber,18,5531.771,91.428,5440.343,222,259,293,205.46,243.8571429,274.7619048,Race,Imola,Italy,2025
9987,31,Esteban OCON,Haas F1 Team,,,30.506,,214,257,291,212.0909091,254.8518519,287.4444444,Race,Imola,Italy,2025
9987,12,Kimi ANTONELLI,Mercedes,,,30.051,,221,259,298,212.0810811,252.7045455,290.1363636,Race,Imola,Italy,2025
10022,81,Oscar PIASTRI,McLaren,1,4866.758,21.388,4845.37,294,329,336,282.28,299.36,301.22,Race,Jeddah,Saudi Arabia,2025
10022,1,Max VERSTAPPEN,Red Bull Racing,2,4869.601,26.03,4843.571,293,308,325,283.972973,295.5,297.38,Race,Jeddah,Saudi Arabia,2025
10022,16,Charles LECLERC,Ferrari,3,4874.862,20.131,4854.731,295,324,329,283.5555556,303.26,303.94,Race,Jeddah,Saudi Arabia,2025
10022,4,Lando NORRIS,McLaren,4,4875.954,20.427,4855.527,295,319,332,287.0697674,299.4,301.28,Race,Jeddah,Saudi Arabia,2025
10022,63,George RUSSELL,Mercedes,5,4893.994,20.329,4873.665,293,316,333,282.3939394,302.86,305.04,Race,Jeddah,Saudi Arabia,2025
10022,12,Kimi ANTONELLI,Mercedes,6,4901.446,20.399,4881.047,292,320,330,282.5,301.3,304,Race,Jeddah,Saudi Arabia,2025
10022,44,Lewis HAMILTON,Ferrari,7,4905.831,20.144,4885.687,293,314,328,284.8837209,301.22,303.72,Race,Jeddah,Saudi Arabia,2025
10022,55,Carlos SAINZ,Williams,8,4931.388,24.148,4907.24,293,324,339,285.175,303.66,309.04,Race,Jeddah,Saudi Arabia,2025
10022,23,Alexander ALBON,Williams,9,4933.273,22.135,4911.138,296,326,336,287.6666667,305.94,311.28,Race,Jeddah,Saudi Arabia,2025
10022,6,Isack HADJAR,Racing Bulls,10,4933.849,20.827,4913.022,294,334,343,283.7619048,305.02,309.9,Race,Jeddah,Saudi Arabia,2025
10022,14,Fernando ALONSO,Aston Martin,11,4942.675,21.891,4920.784,291,325,339,282.825,298.92,305.9,Race,Jeddah,Saudi Arabia,2025
10022,30,Liam LAWSON,Racing Bulls,12,4945.209,20.534,4924.675,295,328,334,284.4090909,301.5,306.78,Race,Jeddah,Saudi Arabia,2025
10022,87,Oliver BEARMAN,Haas F1 Team,13,4945.952,22.095,4923.857,291,321,335,280.78125,299,305.38,Race,Jeddah,Saudi Arabia,2025
10022,31,Esteban OCON,Haas F1 Team,14,4966.481,21.512,4944.969,290,322,331,282.5641026,297.64,304.06,Race,Jeddah,Saudi Arabia,2025
10022,27,Nico HULKENBERG,Kick Sauber,15,,20.441,,291,325,334,280.525,299.4489796,304.6530612,Race,Jeddah,Saudi Arabia,2025
10022,18,Lance STROLL,Aston Martin,16,,20.487,,292,319,330,282.2285714,295.122449,299.9387755,Race,Jeddah,Saudi Arabia,2025
10022,7,Jack DOOHAN,Alpine,17,,42.092,,293,322,336,284.025,297.9795918,306.4081633,Race,Jeddah,Saudi Arabia,2025
10022,5,Gabriel BORTOLETO,Kick Sauber,18,,21.854,,292,327,335,282.5813953,297.0612245,303.9795918,Race,Jeddah,Saudi Arabia,2025
10022,10,Pierre GASLY,Alpine,,,0,,,,,,,,Race,Jeddah,Saudi Arabia,2025
10022,22,Yuki TSUNODA,Red Bull Racing,,,0,,266,272,266,266,272,266,Race,Jeddah,Saudi Arabia,2025
9858,1,Max VERSTAPPEN,Red Bull Racing,1,4868.429,21.708,4846.721,188,,332,181.0810811,,311.2,Race,Las Vegas,United States,2025
9858,63,George RUSSELL,Mercedes,2,4891.975,20.929,4871.046,185,,339,178.5,,321.08,Race,Las Vegas,United States,2025
9858,12,Kimi ANTONELLI,Mercedes,3,4898.917,21.968,4876.949,185,,332,176.6829268,,318.72,Race,Las Vegas,United States,2025
9858,16,Charles LECLERC,Ferrari,4,4899.107,21.351,4877.756,186,,346,180.4878049,,317.2,Race,Las Vegas,United States,2025
9858,55,Carlos SAINZ,Williams,5,4903.353,21.164,4882.189,187,,339,180,,316,Race,Las Vegas,United States,2025
9858,6,Isack HADJAR,Racing Bulls,6,4913.686,21.324,4892.362,185,,331,178.8913043,,312.58,Race,Las Vegas,United States,2025
9858,27,Nico HULKENBERG,Kick Sauber,7,4919.563,22.3,4897.263,189,,337,182.2777778,,312.4,Race,Las Vegas,United States,2025
9858,44,Lewis HAMILTON,Ferrari,8,4927.798,21.638,4906.16,186,,334,179.2439024,,305.54,Race,Las Vegas,United States,2025
9858,31,Esteban OCON,Haas F1 Team,9,4929.064,22.389,4906.675,187,,344,180.8809524,,315.48,Race,Las Vegas,United States,2025
9858,87,Oliver BEARMAN,Haas F1 Team,10,4938.978,21.491,4917.487,185,,345,179.1621622,,311.64,Race,Las Vegas,United States,2025
9858,14,Fernando ALONSO,Aston Martin,11,4953.737,21.068,4932.669,185,,326,177.7027027,,299.64,Race,Las Vegas,United States,2025
9858,22,Yuki TSUNODA,Red Bull Racing,12,4955.403,42.063,4913.34,185,,358,177.1025641,,315.2,Race,Las Vegas,United States,2025
9858,10,Pierre GASLY,Alpine,13,4960.131,23.903,4936.228,182,,336,176.75,,310.34,Race,Las Vegas,United States,2025
9858,30,Liam LAWSON,Racing Bulls,14,,54.023,,186,,328,180.075,,299.5306122,Race,Las Vegas,United States,2025
9858,43,Franco COLAPINTO,Alpine,15,,22.842,,182,,337,176.075,,313.4489796,Race,Las Vegas,United States,2025
9858,23,Alexander ALBON,Williams,,,82.734,,185,,348,177.1666667,,303.2285714,Race,Las Vegas,United States,2025
9858,5,Gabriel BORTOLETO,Kick Sauber,,,33.23,,150,,235,147.5,,200,Race,Las Vegas,United States,2025
9858,18,Lance STROLL,Aston Martin,,,0,,,,,,,,Race,Las Vegas,United States,2025
9858,4,Lando NORRIS,McLaren,,,21.049,,188,,341,179.6046512,,314.12,Race,Las Vegas,United States,2025
9858,81,Oscar PIASTRI,McLaren,,,21.371,,186,,330,180.4864865,,311.46,Race,Las Vegas,United States,2025
9850,1,Max VERSTAPPEN,Red Bull Racing,1,5078.241,58.138,5020.103,249,289,329,238.25,280.7894737,297.6315789,Race,Lusail,Qatar,2025
9850,81,Oscar PIASTRI,McLaren,2,5086.236,56.9,5029.336,246,291,334,232.9302326,282.4035088,290.6216216,Race,Lusail,Qatar,2025
9850,55,Carlos SAINZ,Williams,3,5100.906,56.741,5044.165,242,289,327,231.54,283.245614,296.28125,Race,Lusail,Qatar,2025
9850,4,Lando NORRIS,McLaren,4,5101.556,56.181,5045.375,246,293,331,232.8863636,282.7894737,300.0769231,Race,Lusail,Qatar,2025
9850,12,Kimi ANTONELLI,Mercedes,5,5106.558,60.546,5046.012,250,291,327,236.4693878,283.7719298,301.3714286,Race,Lusail,Qatar,2025
9850,63,George RUSSELL,Mercedes,6,5126.84,62.318,5064.522,251,292,335,236.6530612,283.0350877,309.4615385,Race,Lusail,Qatar,2025
9850,14,Fernando ALONSO,Aston Martin,7,5132.286,57.223,5075.063,241,288,328,226.325,280.6491228,296.5128205,Race,Lusail,Qatar,2025
9850,16,Charles LECLERC,Ferrari,8,5135.026,59.394,5075.632,249,291,335,236.5833333,284.754386,310.9285714,Race,Lusail,Qatar,2025
9850,30,Liam LAWSON,Racing Bulls,9,5138.314,57.071,5081.243,243,289,332,230.2,282.8421053,304.925,Race,Lusail,Qatar,2025
9850,22,Yuki TSUNODA,Red Bull Racing,10,5140.011,57.518,5082.493,244,290,341,231.0434783,281.9649123,311.8541667,Race,Lusail,Qatar,2025
9850,23,Alexander ALBON,Williams,11,5145.172,58.347,5086.825,244,289,335,229.7843137,281.4736842,306.6590909,Race,Lusail,Qatar,2025
9850,44,Lewis HAMILTON,Ferrari,12,5155.971,60.707,5095.264,246,290,335,232.3125,282.9122807,308.9555556,Race,Lusail,Qatar,2025
9850,5,Gabriel BORTOLETO,Kick Sauber,13,5163.053,56.705,5106.348,244,286,341,228.6382979,278.3157895,307.2745098,Race,Lusail,Qatar,2025
9850,43,Franco COLAPINTO,Alpine,14,,58.48,,245,287,332,228.3846154,277.0178571,297.097561,Race,Lusail,Qatar,2025
9850,31,Esteban OCON,Haas F1 Team,15,,99.015,,246,290,331,233.26,283.8035714,306.1111111,Race,Lusail,Qatar,2025
9850,10,Pierre GASLY,Alpine,16,,61.902,,242,288,333,226.65,277.7857143,303.3333333,Race,Lusail,Qatar,2025
9850,18,Lance STROLL,Aston Martin,17,,91.859,,244,287,332,227.8863636,278.9818182,298.1666667,Race,Lusail,Qatar,2025
9850,6,Isack HADJAR,Racing Bulls,18,,56.746,,243,287,328,228.8043478,278.4909091,302.9285714,Race,Lusail,Qatar,2025
9850,27,Nico HULKENBERG,Kick Sauber,,,0,,236,288,332,230.5,285.5,313.1428571,Race,Lusail,Qatar,2025
9850,87,Oliver BEARMAN,Haas F1 Team,,,111.582,,244,288,331,230.7058824,278.9268293,303.5897436,Race,Lusail,Qatar,2025
9896,63,George RUSSELL,Mercedes,1,6022.367,23.966,5998.401,301,273,292,291.122449,263.1935484,283.4222222,Race,Marina Bay,Singapore,2025
9896,1,Max VERSTAPPEN,Red Bull Racing,2,6027.797,24.008,6003.789,306,271,295,287.6590909,260.8225806,279.9130435,Race,Marina Bay,Singapore,2025
9896,4,Lando NORRIS,McLaren,3,6028.433,23.314,6005.119,312,276,301,290.5510204,262.7258065,284.56,Race,Marina Bay,Singapore,2025
9896,81,Oscar PIASTRI,McLaren,4,6030.513,26.637,6003.876,311,274,300,287.8888889,260.6935484,280.1136364,Race,Marina Bay,Singapore,2025
9896,12,Kimi ANTONELLI,Mercedes,5,6056.048,23.806,6032.242,314,278,298,298.8409091,266.7741935,287.097561,Race,Marina Bay,Singapore,2025
9896,16,Charles LECLERC,Ferrari,6,6068.363,23.63,6044.733,316,272,300,293.9791667,264.3387097,284.4509804,Race,Marina Bay,Singapore,2025
9896,14,Fernando ALONSO,Aston Martin,7,6103.034,30.749,6072.285,319,271,303,285.9090909,259,281.5882353,Race,Marina Bay,Singapore,2025
9896,44,Lewis HAMILTON,Ferrari,8,6107.618,48.138,6059.48,314,277,297,290.2545455,261.5967742,279.5813953,Race,Marina Bay,Singapore,2025
9896,87,Oliver BEARMAN,Haas F1 Team,9,6115.894,23.979,6091.915,308,274,300,294.6296296,264.5,286.4901961,Race,Marina Bay,Singapore,2025
9896,55,Carlos SAINZ,Williams,10,,24.075,,317,273,300,292.7169811,262.442623,283.3584906,Race,Marina Bay,Singapore,2025
9896,6,Isack HADJAR,Racing Bulls,11,,23.827,,300,276,288,284.1458333,258.6065574,274.1041667,Race,Marina Bay,Singapore,2025
9896,22,Yuki TSUNODA,Red Bull Racing,12,,24.61,,314,276,300,296.3076923,263.6721311,287.4893617,Race,Marina Bay,Singapore,2025
9896,18,Lance STROLL,Aston Martin,13,,24.012,,312,281,304,288.9803922,261.0491803,283.8510638,Race,Marina Bay,Singapore,2025
9896,23,Alexander ALBON,Williams,14,,25.732,,320,281,304,296.9433962,265.9016393,289.36,Race,Marina Bay,Singapore,2025
9896,30,Liam LAWSON,Racing Bulls,15,,24.027,,313,272,299,291.7735849,258.8196721,283.4666667,Race,Marina Bay,Singapore,2025
9896,43,Franco COLAPINTO,Alpine,16,,24.04,,313,268,300,291.9772727,261.0655738,284.94,Race,Marina Bay,Singapore,2025
9896,5,Gabriel BORTOLETO,Kick Sauber,17,,32.856,,311,274,300,288.8333333,260.7704918,283.4489796,Race,Marina Bay,Singapore,2025
9896,31,Esteban OCON,Haas F1 Team,18,,25.078,,318,277,304,298.1272727,262.7213115,288.1538462,Race,Marina Bay,Singapore,2025
9896,10,Pierre GASLY,Alpine,19,,50.771,,319,281,305,299.2826087,263.557377,289.1875,Race,Marina Bay,Singapore,2025
9896,27,Nico HULKENBERG,Kick Sauber,20,,55.9,,317,280,304,293.2264151,263.852459,285.98,Race,Marina Bay,Singapore,2025
9693,4,Lando NORRIS,McLaren,1,6126.304,75.495,6050.809,274,318,305,228.1481481,259.2631579,254.3888889,Race,Melbourne,Australia,2025
9693,1,Max VERSTAPPEN,Red Bull Racing,2,6127.199,77.421,6049.778,282,321,298,224.48,266.1052632,248.9818182,Race,Melbourne,Australia,2025
9693,63,George RUSSELL,Mercedes,3,6134.785,79.803,6054.982,275,303,304,224.1538462,266.0526316,247.754386,Race,Melbourne,Australia,2025
9693,12,Kimi ANTONELLI,Mercedes,4,6136.439,85.658,6050.781,275,327,299,223.754717,269.7368421,255.9473684,Race,Melbourne,Australia,2025
9693,23,Alexander ALBON,Williams,5,6139.077,83.625,6055.452,278,322,291,222.3653846,270.2807018,239.6603774,Race,Melbourne,Australia,2025
9693,18,Lance STROLL,Aston Martin,6,6143.717,83.603,6060.114,274,320,301,226.0185185,264.6491228,251.8727273,Race,Melbourne,Australia,2025
9693,27,Nico HULKENBERG,Kick Sauber,7,6144.727,86.432,6058.295,269,310,296,222.9615385,267.5438596,252.4181818,Race,Melbourne,Australia,2025
9693,16,Charles LECLERC,Ferrari,8,6146.13,85.482,6060.648,274,331,295,223.9433962,264.9473684,254.0545455,Race,Melbourne,Australia,2025
9693,81,Oscar PIASTRI,McLaren,9,6146.752,79.169,6067.583,276,325,304,224.2745098,268.6491228,251.0545455,Race,Melbourne,Australia,2025
9693,44,Lewis HAMILTON,Ferrari,10,6148.777,85.128,6063.649,272,324,312,215.1,272.6491228,252.3392857,Race,Melbourne,Australia,2025
9693,10,Pierre GASLY,Alpine,11,6152.806,84.571,6068.235,267,306,296,215.6734694,265.0350877,250.8518519,Race,Melbourne,Australia,2025
9693,22,Yuki TSUNODA,Racing Bulls,12,6156.188,82.009,6074.179,276,324,304,222.0392157,269.8596491,243.5892857,Race,Melbourne,Australia,2025
9693,31,Esteban OCON,Haas F1 Team,13,6159.465,88.985,6070.48,266,298,292,221.6111111,264.2280702,238.7272727,Race,Melbourne,Australia,2025
9693,87,Oliver BEARMAN,Haas F1 Team,14,6166.655,95.205,6071.45,269,302,290,221.3076923,262.0175439,239.4642857,Race,Melbourne,Australia,2025
9693,55,Carlos SAINZ,Williams,,,0,,217,283,194,217,283,194,Race,Melbourne,Australia,2025
9693,14,Fernando ALONSO,Aston Martin,,,46.7,,265,323,296,231.8333333,284.15625,251.7241379,Race,Melbourne,Australia,2025
9693,5,Gabriel BORTOLETO,Kick Sauber,,,95.187,,266,304,295,228.5777778,268.1304348,250,Race,Melbourne,Australia,2025
9693,6,Isack HADJAR,Racing Bulls,,,0,,,,,,,,Race,Melbourne,Australia,2025
9693,7,Jack DOOHAN,Alpine,,,0,,,,191,,,191,Race,Melbourne,Australia,2025
9693,30,Liam LAWSON,Red Bull Racing,,,69.947,,277,322,305,221.725,269.1956522,244.2,Race,Melbourne,Australia,2025
9877,4,Lando NORRIS,McLaren,1,5878.574,22.567,5856.007,296,293,340,281.8636364,280.3380282,315.4166667,Race,Mexico City,Mexico,2025
9877,16,Charles LECLERC,Ferrari,2,5908.898,22.215,5886.683,300,290,329,284.578125,279.8591549,320.5862069,Race,Mexico City,Mexico,2025
9877,1,Max VERSTAPPEN,Red Bull Racing,3,5909.623,22.762,5886.861,303,290,353,287.057971,281.9859155,327.122807,Race,Mexico City,Mexico,2025
9877,87,Oliver BEARMAN,Haas F1 Team,4,5919.529,44.821,5874.708,302,292,348,286.4262295,280.9859155,324.3137255,Race,Mexico City,Mexico,2025
9877,81,Oscar PIASTRI,McLaren,5,5920.639,45.37,5875.269,313,295,363,293.2063492,285.0422535,337.5606061,Race,Mexico City,Mexico,2025
9877,12,Kimi ANTONELLI,Mercedes,6,5926.411,46.999,5879.412,304,292,355,286.421875,283.056338,334.7118644,Race,Mexico City,Mexico,2025
9877,63,George RUSSELL,Mercedes,7,5928.861,44.817,5884.044,313,293,354,289.5428571,283.4084507,335.9152542,Race,Mexico City,Mexico,2025
9877,44,Lewis HAMILTON,Ferrari,8,5935.02,56.65,5878.37,298,286,353,281.5735294,278.6338028,325.2459016,Race,Mexico City,Mexico,2025
9877,31,Esteban OCON,Haas F1 Team,9,5954.038,23.203,5930.835,300,290,354,287.9230769,283.056338,331.5294118,Race,Mexico City,Mexico,2025
9877,5,Gabriel BORTOLETO,Kick Sauber,10,5955.437,22.41,5933.027,312,291,354,288.5538462,282.971831,331.1147541,Race,Mexico City,Mexico,2025
9877,22,Yuki TSUNODA,Red Bull Racing,11,5957.622,31.63,5925.992,296,293,354,285.7460317,282.028169,328.4117647,Race,Mexico City,Mexico,2025
9877,23,Alexander ALBON,Williams,12,,22.04,,318,294,356,291.7704918,282.0571429,333,Race,Mexico City,Mexico,2025
9877,6,Isack HADJAR,Racing Bulls,13,,22.196,,304,290,350,286.65625,281.5142857,326.3728814,Race,Mexico City,Mexico,2025
9877,18,Lance STROLL,Aston Martin,14,,45.784,,302,288,354,285.0441176,280.4142857,329.7857143,Race,Mexico City,Mexico,2025
9877,10,Pierre GASLY,Alpine,15,,22.834,,298,287,340,287.6551724,278.7714286,322.5892857,Race,Mexico City,Mexico,2025
9877,43,Franco COLAPINTO,Alpine,16,,22.789,,301,293,346,289,280.3857143,323.1272727,Race,Mexico City,Mexico,2025
9877,55,Carlos SAINZ,Williams,17,,70.902,,308,293,355,288.483871,283.7205882,333.9649123,Race,Mexico City,Mexico,2025
9877,14,Fernando ALONSO,Aston Martin,,,26.816,,304,288,352,280.53125,281.4117647,334,Race,Mexico City,Mexico,2025
9877,30,Liam LAWSON,Racing Bulls,,,34.212,,279,277,328,266.25,269.2,311.8,Race,Mexico City,Mexico,2025
9877,27,Nico HULKENBERG,Kick Sauber,,,0,,288,289,349,272.2916667,272.88,319.6086957,Race,Mexico City,Mexico,2025
10033,81,Oscar PIASTRI,McLaren,1,5331.587,22.106,5309.481,216,189,323,211.7777778,184.030303,308.3636364,Race,Miami Gardens,United States,2025
10033,4,Lando NORRIS,McLaren,2,5336.217,22.044,5314.173,214,190,318,207.7307692,182.0606061,308.0606061,Race,Miami Gardens,United States,2025
10033,63,George RUSSELL,Mercedes,3,5369.231,24.257,5344.974,217,189,322,204.88,182.1515152,307.3333333,Race,Miami Gardens,United States,2025
10033,1,Max VERSTAPPEN,Red Bull Racing,4,5371.543,22.501,5349.042,215,188,328,207,182.2424242,307.8787879,Race,Miami Gardens,United States,2025
10033,23,Alexander ALBON,Williams,5,5379.654,21.906,5357.748,216,188,341,206.5416667,181.5151515,314.2121212,Race,Miami Gardens,United States,2025
10033,12,Kimi ANTONELLI,Mercedes,6,5387.089,24.383,5362.706,213,186,320,205.2,179.1818182,311.3333333,Race,Miami Gardens,United States,2025
10033,16,Charles LECLERC,Ferrari,7,5388.623,22.183,5366.44,218,190,332,204.5217391,181.7575758,312.2424242,Race,Miami Gardens,United States,2025
10033,44,Lewis HAMILTON,Ferrari,8,5391.773,23.104,5368.669,215,191,338,205.7407407,183.3939394,314.5757576,Race,Miami Gardens,United States,2025
10033,55,Carlos SAINZ,Williams,9,5392.164,22.415,5369.749,215,188,340,203.56,181.1515152,317.3939394,Race,Miami Gardens,United States,2025
10033,22,Yuki TSUNODA,Red Bull Racing,10,5406.021,22.56,5383.461,214,186,316,206.4285714,182.8484848,306.2727273,Race,Miami Gardens,United States,2025
10033,6,Isack HADJAR,Racing Bulls,11,5406.189,22.115,5384.074,214,187,326,206,183.3030303,308.0588235,Race,Miami Gardens,United States,2025
10033,31,Esteban OCON,Haas F1 Team,12,5413.593,23.162,5390.431,216,188,335,208.2173913,185.4545455,314.5882353,Race,Miami Gardens,United States,2025
10033,10,Pierre GASLY,Alpine,13,5422.032,22.06,5399.972,214,188,341,208.5357143,184.2424242,303.2647059,Race,Miami Gardens,United States,2025
10033,27,Nico HULKENBERG,Kick Sauber,14,,22.108,,217,190,318,208.25,184.71875,295.59375,Race,Miami Gardens,United States,2025
10033,14,Fernando ALONSO,Aston Martin,15,,23.602,,214,187,320,204.4642857,183.8125,301.6666667,Race,Miami Gardens,United States,2025
10033,18,Lance STROLL,Aston Martin,16,,22.317,,214,187,322,206.76,182.9090909,310.7272727,Race,Miami Gardens,United States,2025
10033,5,Gabriel BORTOLETO,Kick Sauber,,,22.188,,212,186,307,184.2,158.125,262,Race,Miami Gardens,United States,2025
10033,30,Liam LAWSON,Racing Bulls,,,22.439,,215,188,311,209.3636364,172.3846154,287.1538462,Race,Miami Gardens,United States,2025
10033,87,Oliver BEARMAN,Haas F1 Team,,,0,,211,185,319,209.5,184.6666667,313,Race,Miami Gardens,United States,2025
9979,4,Lando NORRIS,McLaren,1,6033.843,48.249,5985.594,213,204,286,199.8055556,193.7692308,275.5769231,Race,Monaco,Monaco,2025
9979,16,Charles LECLERC,Ferrari,2,6036.974,47.254,5989.72,214,202,286,200.9710145,191.6923077,276.2564103,Race,Monaco,Monaco,2025
9979,81,Oscar PIASTRI,McLaren,3,6037.501,49.664,5987.837,211,203,287,198.4788732,193.0769231,276.9615385,Race,Monaco,Monaco,2025
9979,1,Max VERSTAPPEN,Red Bull Racing,4,6054.415,48.064,6006.351,211,201,284,198.2253521,192.8333333,275.3205128,Race,Monaco,Monaco,2025
9979,44,Lewis HAMILTON,Ferrari,5,6085.23,47.821,6037.409,209,200,285,195.5479452,192.3846154,275.0769231,Race,Monaco,Monaco,2025
9979,6,Isack HADJAR,Racing Bulls,6,,48.342,,208,196,284,196.030303,188.3636364,275.7402597,Race,Monaco,Monaco,2025
9979,31,Esteban OCON,Haas F1 Team,7,,50.348,,201,197,284,182.6,189.5584416,276.5454545,Race,Monaco,Monaco,2025
9979,30,Liam LAWSON,Racing Bulls,8,,48.526,,213,196,285,190.5211268,187.5584416,276.0649351,Race,Monaco,Monaco,2025
9979,23,Alexander ALBON,Williams,9,,48.117,,212,196,282,191.3055556,184.0657895,274.2236842,Race,Monaco,Monaco,2025
9979,55,Carlos SAINZ,Williams,10,,48.547,,214,199,281,192.028169,185.4473684,275.9210526,Race,Monaco,Monaco,2025
9979,63,George RUSSELL,Mercedes,11,,68.488,,213,202,284,189.0704225,187.3684211,277.8026316,Race,Monaco,Monaco,2025
9979,87,Oliver BEARMAN,Haas F1 Team,12,,74.771,,210,199,285,189.7428571,187.2236842,279.6842105,Race,Monaco,Monaco,2025
9979,43,Franco COLAPINTO,Alpine,13,,48.852,,212,197,283,185.7746479,186.5526316,276.2368421,Race,Monaco,Monaco,2025
9979,5,Gabriel BORTOLETO,Kick Sauber,14,,85.972,,208,197,282,188.7352941,188.5789474,275.7105263,Race,Monaco,Monaco,2025
9979,18,Lance STROLL,Aston Martin,15,,49.894,,212,196,291,184.890411,186.6578947,275.7236842,Race,Monaco,Monaco,2025
9979,27,Nico HULKENBERG,Kick Sauber,16,,48.462,,208,193,285,193.2318841,185.5921053,276.3026316,Race,Monaco,Monaco,2025
9979,22,Yuki TSUNODA,Red Bull Racing,17,,48.611,,211,196,284,184.6666667,183.6842105,274.9342105,Race,Monaco,Monaco,2025
9979,12,Kimi ANTONELLI,Mercedes,18,,49.294,,214,197,283,186.7916667,181.7066667,276.5066667,Race,Monaco,Monaco,2025
9979,14,Fernando ALONSO,Aston Martin,,,25.375,,208,193,278,189.6764706,183.8918919,267.2972973,Race,Monaco,Monaco,2025
9979,10,Pierre GASLY,Alpine,,,24.376,,192,187,287,171.625,153.75,274,Race,Monaco,Monaco,2025
9963,63,George RUSSELL,Mercedes,1,5512.688,103.293,5409.395,255,287,326,242.1746032,277.2571429,299.8142857,Race,Montréal,Canada,2025
9963,1,Max VERSTAPPEN,Red Bull Racing,2,5512.916,102.425,5410.491,260,288,334,244.8484848,277.6714286,302.5571429,Race,Montréal,Canada,2025
9963,12,Kimi ANTONELLI,Mercedes,3,5513.702,102.036,5411.666,255,287,332,244.2592593,277.5285714,301.9142857,Race,Montréal,Canada,2025
9963,81,Oscar PIASTRI,McLaren,4,5514.797,109.204,5405.593,260,288,336,247.3207547,277.3428571,303.7,Race,Montréal,Canada,2025
9963,16,Charles LECLERC,Ferrari,5,5516.13,101.919,5414.211,254,288,335,245.3469388,278.0714286,304.0571429,Race,Montréal,Canada,2025
9963,44,Lewis HAMILTON,Ferrari,6,5523.401,101.542,5421.859,253,287,335,243.804878,278.5714286,305.0428571,Race,Montréal,Canada,2025
9963,14,Fernando ALONSO,Aston Martin,7,5523.66,120.13,5403.53,253,288,334,246.9583333,277.4,308.9,Race,Montréal,Canada,2025
9963,27,Nico HULKENBERG,Kick Sauber,8,5528.052,96.476,5431.576,259,286,341,249.8387097,275.6,309.2285714,Race,Montréal,Canada,2025
9963,31,Esteban OCON,Haas F1 Team,9,,79.052,,258,283,335,239.4418605,274.7246377,302.3768116,Race,Montréal,Canada,2025
9963,55,Carlos SAINZ,Williams,10,,77.669,,263,288,332,244.3492063,274.7536232,303.5217391,Race,Montréal,Canada,2025
9963,87,Oliver BEARMAN,Haas F1 Team,11,,87.947,,259,286,341,243.9508197,274.3043478,311.5507246,Race,Montréal,Canada,2025
9963,22,Yuki TSUNODA,Red Bull Racing,12,,79.778,,260,289,341,245.9016393,278.3188406,309.4492754,Race,Montréal,Canada,2025
9963,43,Franco COLAPINTO,Alpine,13,,79.035,,256,283,332,247.3606557,272.2173913,301.4492754,Race,Montréal,Canada,2025
9963,5,Gabriel BORTOLETO,Kick Sauber,14,,78.315,,259,284,344,247.5666667,273.6521739,306.0434783,Race,Montréal,Canada,2025
9963,10,Pierre GASLY,Alpine,15,,78.587,,256,282,342,246.28125,270.7826087,307.4202899,Race,Montréal,Canada,2025
9963,6,Isack HADJAR,Racing Bulls,16,,84.223,,260,286,340,244.5,277.3768116,315.115942,Race,Montréal,Canada,2025
9963,18,Lance STROLL,Aston Martin,17,,118.656,,259,291,340,248.32,278.1014493,312.1884058,Race,Montréal,Canada,2025
9963,4,Lando NORRIS,McLaren,18,,46.694,,255,291,337,247.8846154,281.9242424,312.469697,Race,Montréal,Canada,2025
9963,23,Alexander ALBON,Williams,,,23.898,,252,287,339,243.1052632,278.8085106,317.673913,Race,Montréal,Canada,2025
9963,30,Liam LAWSON,Racing Bulls,,,23.28,,257,286,339,250.9615385,280.6666667,313.2407407,Race,Montréal,Canada,2025
9912,1,Max VERSTAPPEN,Red Bull Racing,1,4404.325,24.545,4379.78,321,329,352,314.2051282,317.245283,321.9459459,Race,Monza,Italy,2025
9912,4,Lando NORRIS,McLaren,2,4423.532,27.498,4396.034,330,321,340,310.5348837,313.2830189,322.6818182,Race,Monza,Italy,2025
9912,81,Oscar PIASTRI,McLaren,3,4425.676,23.602,4402.074,336,336,353,313.6744186,315.4716981,325.0465116,Race,Monza,Italy,2025
9912,16,Charles LECLERC,Ferrari,4,4429.949,24.235,4405.714,339,331,352,318.1555556,319.0188679,325.3333333,Race,Monza,Italy,2025
9912,63,George RUSSELL,Mercedes,5,4437.206,25.021,4412.185,330,343,344,315.5744681,320.5471698,329.1702128,Race,Monza,Italy,2025
9912,44,Lewis HAMILTON,Ferrari,6,4441.774,23.971,4417.803,339,339,363,319.9069767,322,328.6136364,Race,Monza,Italy,2025
9912,23,Alexander ALBON,Williams,7,4454.862,24.717,4430.145,328,342,364,316.2884615,325.8867925,334.46,Race,Monza,Italy,2025
9912,5,Gabriel BORTOLETO,Kick Sauber,8,4462.809,26.143,4436.666,340,345,356,317.6585366,323.6603774,326.5111111,Race,Monza,Italy,2025
9912,12,Kimi ANTONELLI,Mercedes,9,4464.087,24.916,4439.171,333,338,350,317.6511628,322.3962264,330.6086957,Race,Monza,Italy,2025
9912,6,Isack HADJAR,Racing Bulls,10,4468.216,24.326,4443.89,328,342,362,318.6976744,327.6226415,331.0638298,Race,Monza,Italy,2025
9912,55,Carlos SAINZ,Williams,11,4468.794,24.605,4444.189,331,341,358,317.7755102,326.245283,334.7692308,Race,Monza,Italy,2025
9912,87,Oliver BEARMAN,Haas F1 Team,12,4483.613,25.372,4458.241,337,344,360,317.0714286,326.2830189,328.1489362,Race,Monza,Italy,2025
9912,22,Yuki TSUNODA,Red Bull Racing,13,4485.026,24.372,4460.654,337,342,355,316.75,323.6037736,325.1136364,Race,Monza,Italy,2025
9912,30,Liam LAWSON,Racing Bulls,14,4486.676,24.156,4462.52,342,347,344,317.2307692,329.6037736,325.3958333,Race,Monza,Italy,2025
9912,31,Esteban OCON,Haas F1 Team,15,,30.754,,329,340,346,312.3333333,324.8269231,325.1304348,Race,Monza,Italy,2025
9912,10,Pierre GASLY,Alpine,16,,25.012,,330,333,338,312.0909091,315.9038462,319.9512195,Race,Monza,Italy,2025
9912,43,Franco COLAPINTO,Alpine,17,,24.971,,321,335,340,309.372093,314.7115385,319.4054054,Race,Monza,Italy,2025
9912,18,Lance STROLL,Aston Martin,18,,38.418,,333,338,345,316.275,327.5769231,331.6170213,Race,Monza,Italy,2025
9912,14,Fernando ALONSO,Aston Martin,,,25.16,,340,337,351,317,325,330.6666667,Race,Monza,Italy,2025
9912,27,Nico HULKENBERG,Kick Sauber,,,0,,,,,,,,Race,Monza,Italy,2025
10014,81,Oscar PIASTRI,McLaren,1,5739.435,49.398,5690.037,238,258,302,228.2380952,239.1403509,286.7272727,Race,Sakhir,Bahrain,2025
10014,63,George RUSSELL,Mercedes,2,5754.934,48.144,5706.79,236,259,315,226.7,238.0540541,287.1818182,Race,Sakhir,Bahrain,2025
10014,4,Lando NORRIS,McLaren,3,5755.708,53.857,5701.851,238,265,330,228.5625,241.6666667,300.8333333,Race,Sakhir,Bahrain,2025
10014,16,Charles LECLERC,Ferrari,4,5759.114,49.043,5710.071,237,265,327,226.7045455,248.7894737,291.4583333,Race,Sakhir,Bahrain,2025
10014,44,Lewis HAMILTON,Ferrari,5,5767.428,48.69,5718.738,236,264,336,225.56,248.754386,299.5625,Race,Sakhir,Bahrain,2025
10014,1,Max VERSTAPPEN,Red Bull Racing,6,5773.83,54.585,5719.245,240,266,331,227.5365854,251.9122807,302.1132075,Race,Sakhir,Bahrain,2025
10014,10,Pierre GASLY,Alpine,7,5775.437,49.991,5725.446,234,259,329,227.7659574,246.1754386,289.2916667,Race,Sakhir,Bahrain,2025
10014,31,Esteban OCON,Haas F1 Team,8,5783.679,49.708,5733.971,239,260,323,230.0208333,249.3508772,296.7358491,Race,Sakhir,Bahrain,2025
10014,22,Yuki TSUNODA,Red Bull Racing,9,5784.496,51.264,5733.232,236,262,328,227.2222222,243.4736842,301.8113208,Race,Sakhir,Bahrain,2025
10014,87,Oliver BEARMAN,Haas F1 Team,10,5787.029,49.457,5737.572,239,259,336,225.9423077,246.0526316,304.62,Race,Sakhir,Bahrain,2025
10014,12,Kimi ANTONELLI,Mercedes,11,5787.451,74.006,5713.445,241,257,340,230.1836735,244.2807018,308.6785714,Race,Sakhir,Bahrain,2025
10014,23,Alexander ALBON,Williams,12,5788.274,51.384,5736.89,241,259,338,227.3043478,241.1754386,306.76,Race,Sakhir,Bahrain,2025
10014,6,Isack HADJAR,Racing Bulls,13,5795.749,49.905,5745.844,242,266,333,229.2340426,251.6842105,297.9107143,Race,Sakhir,Bahrain,2025
10014,7,Jack DOOHAN,Alpine,14,5797.241,49.884,5747.357,239,260,325,227.1860465,249.122807,296.4313725,Race,Sakhir,Bahrain,2025
10014,14,Fernando ALONSO,Aston Martin,15,5799.775,49.672,5750.103,239,267,331,225.7045455,245.4912281,297.7090909,Race,Sakhir,Bahrain,2025
10014,30,Liam LAWSON,Racing Bulls,16,5803.87,49.433,5754.437,238,259,337,229.4473684,245.0350877,302.8181818,Race,Sakhir,Bahrain,2025
10014,18,Lance STROLL,Aston Martin,17,5804.924,49.203,5755.721,238,258,329,224.76,242.0350877,299.3958333,Race,Sakhir,Bahrain,2025
10014,5,Gabriel BORTOLETO,Kick Sauber,18,5806.307,49.539,5756.768,240,261,337,227.6956522,250.3684211,303.9423077,Race,Sakhir,Bahrain,2025
10014,55,Carlos SAINZ,Williams,,,86.031,,237,256,327,227.8461538,242.5777778,299,Race,Sakhir,Bahrain,2025
10014,27,Nico HULKENBERG,Kick Sauber,,,48.4,,239,263,335,229.3777778,246.9824561,296.2592593,Race,Sakhir,Bahrain,2025
9998,81,Oscar PIASTRI,McLaren,1,5455.026,23.938,5431.088,281,276,338,275.4761905,272.5178571,314.2678571,Race,Shanghai,China,2025
9998,4,Lando NORRIS,McLaren,2,5464.774,22.213,5442.561,285,277,339,275.2826087,272.3928571,313.9642857,Race,Shanghai,China,2025
9998,63,George RUSSELL,Mercedes,3,5466.123,22.324,5443.799,288,277,345,279.3478261,273.5714286,319.8035714,Race,Shanghai,China,2025
9998,1,Max VERSTAPPEN,Red Bull Racing,4,5471.682,22.454,5449.228,286,276,341,280.5777778,272.1785714,316.9464286,Race,Shanghai,China,2025
9998,31,Esteban OCON,Haas F1 Team,5,5504.995,23.114,5481.881,287,275,341,277.9787234,270.3571429,316.6428571,Race,Shanghai,China,2025
9998,12,Kimi ANTONELLI,Mercedes,6,5508.774,22.675,5486.099,283,276,344,277.325,270.4821429,319.7321429,Race,Shanghai,China,2025
9998,23,Alexander ALBON,Williams,7,5511.347,23.362,5487.985,286,275,338,276.9555556,271.7142857,318.0357143,Race,Shanghai,China,2025
9998,87,Oliver BEARMAN,Haas F1 Team,8,5516.329,22.808,5493.521,282,277,343,278.0930233,269.875,316.5,Race,Shanghai,China,2025
9998,18,Lance STROLL,Aston Martin,9,5525.23,22.995,5502.235,284,273,339,274.4444444,268.4464286,316.9821429,Race,Shanghai,China,2025
9998,55,Carlos SAINZ,Williams,10,5531.413,22.721,5508.692,285,275,336,275.5434783,269.6785714,318.5714286,Race,Shanghai,China,2025
9998,6,Isack HADJAR,Racing Bulls,11,5533.901,45.13,5488.771,285,277,344,275.26,271.7321429,322.8035714,Race,Shanghai,China,2025
9998,30,Liam LAWSON,Red Bull Racing,12,5536.173,44.891,5491.282,288,275,337,281.0789474,271.5535714,317.9642857,Race,Shanghai,China,2025
9998,7,Jack DOOHAN,Alpine,13,5543.427,22.793,5520.634,279,271,345,272.4,264.6964286,313.1964286,Race,Shanghai,China,2025
9998,5,Gabriel BORTOLETO,Kick Sauber,14,,46.175,,285,276,336,277.275,267.3636364,310.1818182,Race,Shanghai,China,2025
9998,27,Nico HULKENBERG,Kick Sauber,15,,22.959,,284,276,331,277.2727273,268.3272727,311.9454545,Race,Shanghai,China,2025
9998,22,Yuki TSUNODA,Racing Bulls,16,,83.204,,287,278,338,278.1578947,270.7090909,318.9090909,Race,Shanghai,China,2025
9998,16,Charles LECLERC,Ferrari,,,22.1,,290,279,345,280.4897959,271.9107143,320.375,Race,Shanghai,China,2025
9998,14,Fernando ALONSO,Aston Martin,,,0,,284,267,333,242,230.75,277.25,Race,Shanghai,China,2025
9998,44,Lewis HAMILTON,Ferrari,,,44.752,,287,278,351,281.4313725,272.5357143,317.875,Race,Shanghai,China,2025
9998,10,Pierre GASLY,Alpine,,,23.138,,278,274,337,272.2777778,264.0714286,311.6785714,Race,Shanghai,China,2025
9947,4,Lando NORRIS,McLaren,1,5835.735,58.844,5776.891,299,264,313,276.9782609,227.2307692,284.7692308,Race,Silverstone,United Kingdom,2025
9947,81,Oscar PIASTRI,McLaren,2,5842.547,69.771,5772.776,308,263,318,262.3571429,233.4038462,282.0192308,Race,Silverstone,United Kingdom,2025
9947,27,Nico HULKENBERG,Kick Sauber,3,5870.477,59.688,5810.789,299,264,322,266.4166667,228.1730769,279.5,Race,Silverstone,United Kingdom,2025
9947,44,Lewis HAMILTON,Ferrari,4,5875.547,58.044,5817.503,310,262,323,275.2173913,227.3846154,277.1730769,Race,Silverstone,United Kingdom,2025
9947,1,Max VERSTAPPEN,Red Bull Racing,5,5892.516,57.782,5834.734,312,266,330,269.5833333,230.2692308,285.9038462,Race,Silverstone,United Kingdom,2025
9947,10,Pierre GASLY,Alpine,6,5895.592,57.312,5838.28,314,266,334,270.8039216,225.4615385,281.7115385,Race,Silverstone,United Kingdom,2025
9947,18,Lance STROLL,Aston Martin,7,5896.338,86.478,5809.86,307,263,315,267.7777778,226.8461538,284.7884615,Race,Silverstone,United Kingdom,2025
9947,23,Alexander ALBON,Williams,8,5899.87,58.451,5841.419,323,264,332,270.9215686,229.1923077,284.5961538,Race,Silverstone,United Kingdom,2025
9947,14,Fernando ALONSO,Aston Martin,9,5901.593,57.241,5844.352,312,264,335,264.8333333,229.7307692,283.4423077,Race,Silverstone,United Kingdom,2025
9947,63,George RUSSELL,Mercedes,10,5906.409,56.852,5849.557,315,263,330,271.4285714,228.4423077,277.1730769,Race,Silverstone,United Kingdom,2025
9947,87,Oliver BEARMAN,Haas F1 Team,11,5907.83,58.201,5849.629,314,266,344,271.4375,227.2884615,278.9230769,Race,Silverstone,United Kingdom,2025
9947,55,Carlos SAINZ,Williams,12,5912.327,58.154,5854.173,306,266,324,272.3877551,227.9230769,283.6538462,Race,Silverstone,United Kingdom,2025
9947,31,Esteban OCON,Haas F1 Team,13,5913.036,58.208,5854.828,312,267,334,259.78,227.5961538,279.0576923,Race,Silverstone,United Kingdom,2025
9947,16,Charles LECLERC,Ferrari,14,5920.212,57.929,5862.283,311,262,330,274.04,222.5,277.5961538,Race,Silverstone,United Kingdom,2025
9947,22,Yuki TSUNODA,Red Bull Racing,15,,68.644,,306,264,322,262.9375,228.1764706,285.7843137,Race,Silverstone,United Kingdom,2025
9947,43,Franco COLAPINTO,Alpine,,,0,,,,,,,,Race,Silverstone,United Kingdom,2025
9947,5,Gabriel BORTOLETO,Kick Sauber,,,0,,260,208,267,179.75,198.6666667,234.3333333,Race,Silverstone,United Kingdom,2025
9947,6,Isack HADJAR,Racing Bulls,,,28.523,,298,251,314,241.9444444,209.5294118,259.3529412,Race,Silverstone,United Kingdom,2025
9947,12,Kimi ANTONELLI,Mercedes,,,87.156,,299,252,309,235.3636364,199.4782609,244,Race,Silverstone,United Kingdom,2025
9947,30,Liam LAWSON,Racing Bulls,,,0,,,,,,,,Race,Silverstone,United Kingdom,2025
9939,81,Oscar PIASTRI,McLaren,1,5122.601,23.844,5098.757,320,212,316,302.2631579,193.3863636,288.3793103,Race,Spa-Francorchamps,Belgium,2025
9939,4,Lando NORRIS,McLaren,2,5126.016,24.376,5101.64,321,212,317,298.5882353,192.7272727,291,Race,Spa-Francorchamps,Belgium,2025
9939,16,Charles LECLERC,Ferrari,3,5142.786,23.806,5118.98,321,211,316,306.4102564,192.3863636,296.2592593,Race,Spa-Francorchamps,Belgium,2025
9939,1,Max VERSTAPPEN,Red Bull Racing,4,5144.332,25.913,5118.419,315,210,316,299.1290323,194.1136364,303,Race,Spa-Francorchamps,Belgium,2025
9939,63,George RUSSELL,Mercedes,5,5157.464,23.635,5133.829,333,211,318,313.4054054,190.5454545,302.0833333,Race,Spa-Francorchamps,Belgium,2025
9939,23,Alexander ALBON,Williams,6,5162.527,24.029,5138.498,326,210,315,305.8333333,192.9318182,301.4375,Race,Spa-Francorchamps,Belgium,2025
9939,44,Lewis HAMILTON,Ferrari,7,5163.28,23.284,5139.996,344,210,315,309.7560976,196.3409091,302.547619,Race,Spa-Francorchamps,Belgium,2025
9939,30,Liam LAWSON,Racing Bulls,8,5174.634,23.269,5151.365,326,210,315,297.3636364,192.5,300.2727273,Race,Spa-Francorchamps,Belgium,2025
9939,5,Gabriel BORTOLETO,Kick Sauber,9,5179.035,23.274,5155.761,334,211,316,299.8421053,195.2272727,294.28125,Race,Spa-Francorchamps,Belgium,2025
9939,10,Pierre GASLY,Alpine,10,5195.315,26.825,5168.49,336,207,319,306.1612903,190.9772727,299,Race,Spa-Francorchamps,Belgium,2025
9939,87,Oliver BEARMAN,Haas F1 Team,11,5195.746,24.13,5171.616,342,211,321,314.0952381,194.5,299.7368421,Race,Spa-Francorchamps,Belgium,2025
9939,27,Nico HULKENBERG,Kick Sauber,12,5196.229,47.489,5148.74,342,215,321,309.45,197.9545455,298.4722222,Race,Spa-Francorchamps,Belgium,2025
9939,22,Yuki TSUNODA,Red Bull Racing,13,5197.996,23.33,5174.666,341,209,318,308.0714286,190.6590909,298.9714286,Race,Spa-Francorchamps,Belgium,2025
9939,18,Lance STROLL,Aston Martin,14,5202.432,23.787,5178.645,349,209,318,312.3947368,195.4318182,295.3142857,Race,Spa-Francorchamps,Belgium,2025
9939,31,Esteban OCON,Haas F1 Team,15,5208.664,23.802,5184.862,343,210,319,299.5526316,192.9318182,300,Race,Spa-Francorchamps,Belgium,2025
9939,12,Kimi ANTONELLI,Mercedes,16,5209.322,46.668,5162.654,352,214,318,323.3,193.7045455,301.825,Race,Spa-Francorchamps,Belgium,2025
9939,14,Fernando ALONSO,Aston Martin,17,5210.525,47.096,5163.429,343,213,316,316.2682927,196.3636364,295.4054054,Race,Spa-Francorchamps,Belgium,2025
9939,55,Carlos SAINZ,Williams,18,5214.625,51.298,5163.327,337,213,315,309.0697674,197.3863636,297.7941176,Race,Spa-Francorchamps,Belgium,2025
9939,43,Franco COLAPINTO,Alpine,19,5217.851,47.114,5170.737,333,210,321,314.2857143,194.5681818,301.9117647,Race,Spa-Francorchamps,Belgium,2025
9939,6,Isack HADJAR,Racing Bulls,20,,46.956,,329,207,312,296.9428571,188.9767442,296.974359,Race,Spa-Francorchamps,Belgium,2025
9955,4,Lando NORRIS,McLaren,1,5027.693,43.558,4984.135,323,239,304,291.7169811,228.9571429,291.0571429,Race,Spielberg,Austria,2025
9955,81,Oscar PIASTRI,McLaren,2,5030.388,43.632,4986.756,330,239,321,300.2758621,228.5285714,295.2571429,Race,Spielberg,Austria,2025
9955,16,Charles LECLERC,Ferrari,3,5047.513,42.844,5004.669,317,235,305,294.1333333,226.0428571,291.7571429,Race,Spielberg,Austria,2025
9955,44,Lewis HAMILTON,Ferrari,4,5056.713,42.445,5014.268,315,234,310,292.5454545,223.0857143,291.2571429,Race,Spielberg,Austria,2025
9955,63,George RUSSELL,Mercedes,5,5090.089,43.198,5046.891,327,235,320,295.0169492,224.8428571,293.6857143,Race,Spielberg,Austria,2025
9955,30,Liam LAWSON,Racing Bulls,6,5095.447,21.434,5074.013,316,233,309,291.1166667,224.6857143,288.3571429,Race,Spielberg,Austria,2025
9955,14,Fernando ALONSO,Aston Martin,7,,21.865,,316,229,315,298.859375,222.173913,298.115942,Race,Spielberg,Austria,2025
9955,5,Gabriel BORTOLETO,Kick Sauber,8,,42.962,,324,236,321,290.2131148,225.4492754,289.8405797,Race,Spielberg,Austria,2025
9955,27,Nico HULKENBERG,Kick Sauber,9,,42.281,,329,234,320,293.7258065,221.7681159,292.2173913,Race,Spielberg,Austria,2025
9955,31,Esteban OCON,Haas F1 Team,10,,45.472,,323,232,320,296.3214286,221.5652174,293.1884058,Race,Spielberg,Austria,2025
9955,87,Oliver BEARMAN,Haas F1 Team,11,,43.681,,324,234,315,295.265625,221.4927536,291.0724638,Race,Spielberg,Austria,2025
9955,6,Isack HADJAR,Racing Bulls,12,,42.977,,323,234,315,295.6724138,220.884058,293.7246377,Race,Spielberg,Austria,2025
9955,10,Pierre GASLY,Alpine,13,,44.064,,322,231,315,293.578125,219.9855072,291.057971,Race,Spielberg,Austria,2025
9955,18,Lance STROLL,Aston Martin,14,,44.67,,319,233,316,294.4,219.2028986,293.9275362,Race,Spielberg,Austria,2025
9955,43,Franco COLAPINTO,Alpine,15,,44.125,,320,229,307,288.4193548,220.2753623,288.3188406,Race,Spielberg,Austria,2025
9955,22,Yuki TSUNODA,Red Bull Racing,16,,84.135,,325,227,318,298.7460317,218.4117647,298.3088235,Race,Spielberg,Austria,2025
9955,23,Alexander ALBON,Williams,,,21.21,,319,228,310,281.0769231,213.7333333,282.6,Race,Spielberg,Austria,2025
9955,55,Carlos SAINZ,Williams,,,0,,,,,,,,Race,Spielberg,Austria,2025
9955,12,Kimi ANTONELLI,Mercedes,,,0,,311,,,311,,,Race,Spielberg,Austria,2025
9955,1,Max VERSTAPPEN,Red Bull Racing,,,0,,316,,,316,,,Race,Spielberg,Austria,2025
10006,1,Max VERSTAPPEN,Red Bull Racing,1,4926.983,24.397,4902.586,290,306,306,284.7222222,299.6981132,300.0188679,Race,Suzuka,Japan,2025
10006,4,Lando NORRIS,McLaren,2,4928.406,23.222,4905.184,288,306,304,282.9189189,300.5849057,300.2075472,Race,Suzuka,Japan,2025
10006,81,Oscar PIASTRI,McLaren,3,4929.112,23.037,4906.075,292,309,309,283.6444444,302.0943396,298.8679245,Race,Suzuka,Japan,2025
10006,16,Charles LECLERC,Ferrari,4,4943.08,23.346,4919.734,290,309,303,280.3863636,300.6226415,297.3207547,Race,Suzuka,Japan,2025
10006,63,George RUSSELL,Mercedes,5,4944.345,23.184,4921.161,290,310,311,284.5121951,303.4528302,302.1132075,Race,Suzuka,Japan,2025
10006,12,Kimi ANTONELLI,Mercedes,6,4945.654,24.38,4921.274,291,308,304,283.55,301.5471698,298.9245283,Race,Suzuka,Japan,2025
10006,44,Lewis HAMILTON,Ferrari,7,4956.165,22.937,4933.228,288,305,305,280.75,301.4339623,298.490566,Race,Suzuka,Japan,2025
10006,6,Isack HADJAR,Racing Bulls,8,4964.117,23.333,4940.784,289,305,306,283.7575758,300.9622642,299.6981132,Race,Suzuka,Japan,2025
10006,23,Alexander ALBON,Williams,9,4967.35,23.093,4944.257,290,307,306,283.3333333,303.5283019,301.9811321,Race,Suzuka,Japan,2025
10006,87,Oliver BEARMAN,Haas F1 Team,10,4981.512,24.834,4956.678,282,305,304,277.5365854,299.1698113,298.5283019,Race,Suzuka,Japan,2025
10006,14,Fernando ALONSO,Aston Martin,11,4984.316,25.708,4958.608,284,302,302,278.972973,299.8867925,298.3584906,Race,Suzuka,Japan,2025
10006,22,Yuki TSUNODA,Red Bull Racing,12,4985.384,24.181,4961.203,284,303,303,278.875,300.3018868,299.8679245,Race,Suzuka,Japan,2025
10006,10,Pierre GASLY,Alpine,13,4989.105,26.041,4963.064,281,303,303,275.5384615,300.6981132,296.245283,Race,Suzuka,Japan,2025
10006,55,Carlos SAINZ,Williams,14,5001.112,23.337,4977.775,288,309,309,282.625,303.6226415,301.6981132,Race,Suzuka,Japan,2025
10006,7,Jack DOOHAN,Alpine,15,5008.297,23.382,4984.915,281,302,301,276.4411765,300.4150943,296.6226415,Race,Suzuka,Japan,2025
10006,27,Nico HULKENBERG,Kick Sauber,16,5008.94,23.515,4985.425,284,311,305,278.5714286,302.2264151,300.509434,Race,Suzuka,Japan,2025
10006,30,Liam LAWSON,Racing Bulls,17,5009.717,23.662,4986.055,290,308,308,282.952381,301.9245283,300.7358491,Race,Suzuka,Japan,2025
10006,31,Esteban OCON,Haas F1 Team,18,5010.421,24.464,4985.957,288,304,304,278.4444444,300.2264151,299.6037736,Race,Suzuka,Japan,2025
10006,5,Gabriel BORTOLETO,Kick Sauber,19,5010.88,23.419,4987.461,286,309,307,276.7560976,302.8301887,299.509434,Race,Suzuka,Japan,2025
10006,18,Lance STROLL,Aston Martin,20,,47.332,,287,304,303,279.4390244,300,298.7115385,Race,Suzuka,Japan,2025
9869,4,Lando NORRIS,McLaren,1,5521.596,46.728,5474.868,313,261,320,293.9767442,246.3661972,290.9830508,Race,São Paulo,Brazil,2025
9869,12,Kimi ANTONELLI,Mercedes,2,5531.984,46.757,5485.227,330,262,325,299.72,249.6901408,295.1111111,Race,São Paulo,Brazil,2025
9869,1,Max VERSTAPPEN,Red Bull Racing,3,5532.346,69.566,5462.78,332,262,335,303.6346154,250.3802817,308.6875,Race,São Paulo,Brazil,2025
9869,63,George RUSSELL,Mercedes,4,5536.863,46.486,5490.377,330,263,330,305.8269231,252.9577465,302.362069,Race,São Paulo,Brazil,2025
9869,81,Oscar PIASTRI,McLaren,5,5537.345,57.757,5479.588,329,263,329,302.5079365,250.6760563,300.5483871,Race,São Paulo,Brazil,2025
9869,87,Oliver BEARMAN,Haas F1 Team,6,5551.226,48.402,5502.824,327,258,323,304.7407407,246.7183099,290.296875,Race,São Paulo,Brazil,2025
9869,30,Liam LAWSON,Racing Bulls,7,5574.238,22.899,5551.339,332,258,315,309.1206897,246.3521127,291.4918033,Race,São Paulo,Brazil,2025
9869,6,Isack HADJAR,Racing Bulls,8,5574.469,47.168,5527.301,330,261,333,305.46875,249.8309859,303.234375,Race,São Paulo,Brazil,2025
9869,27,Nico HULKENBERG,Kick Sauber,9,5574.92,23,5551.92,331,257,329,305.2,242.0140845,297.1875,Race,São Paulo,Brazil,2025
9869,10,Pierre GASLY,Alpine,10,5575.51,47.321,5528.189,333,259,333,312.8166667,244.4929577,306.4761905,Race,São Paulo,Brazil,2025
9869,23,Alexander ALBON,Williams,11,5575.78,46.173,5529.607,340,262,334,309.7777778,247.4507042,301.2380952,Race,São Paulo,Brazil,2025
9869,31,Esteban OCON,Haas F1 Team,12,5576.292,48.381,5527.911,335,258,334,298.0851064,247.0985915,297.2380952,Race,São Paulo,Brazil,2025
9869,55,Carlos SAINZ,Williams,13,5577.016,49.298,5527.718,332,256,335,309.5,245.3380282,308.90625,Race,São Paulo,Brazil,2025
9869,14,Fernando ALONSO,Aston Martin,14,5577.362,47.505,5529.857,327,260,325,306.9824561,247.9859155,298.7368421,Race,São Paulo,Brazil,2025
9869,43,Franco COLAPINTO,Alpine,15,5579.373,49.834,5529.539,327,256,322,298.6101695,245.056338,290.4920635,Race,São Paulo,Brazil,2025
9869,18,Lance STROLL,Aston Martin,16,5579.843,46.728,5533.115,329,256,334,302.35,245.6056338,297.1129032,Race,São Paulo,Brazil,2025
9869,22,Yuki TSUNODA,Red Bull Racing,17,5590.772,91,5499.772,330,259,314,308.5818182,247.8450704,296.3275862,Race,São Paulo,Brazil,2025
9869,16,Charles LECLERC,Ferrari,,,0,,309,253,300,241,196,235,Race,São Paulo,Brazil,2025
9869,5,Gabriel BORTOLETO,Kick Sauber,,,0,,316,,222,316,,222,Race,São Paulo,Brazil,2025
9869,44,Lewis HAMILTON,Ferrari,,,94.254,,333,258,334,296.3103448,238.5675676,288.6060606,Race,São Paulo,Brazil,2025
9839,1,Max VERSTAPPEN,Red Bull Racing,1,5167.469,21.703,5145.766,295,301,335,286.673913,297.137931,304.7413793,Race,Yas Island,United Arab Emirates,2025
9839,81,Oscar PIASTRI,McLaren,2,5180.063,21.565,5158.498,295,312,315,289.3170732,295.6206897,303.7931034,Race,Yas Island,United Arab Emirates,2025
9839,4,Lando NORRIS,McLaren,3,5184.041,42.73,5141.311,296,312,324,289.3695652,295.6896552,303.0344828,Race,Yas Island,United Arab Emirates,2025
9839,16,Charles LECLERC,Ferrari,4,5190.748,42.594,5148.154,292,325,330,287.3043478,301.1551724,310.5689655,Race,Yas Island,United Arab Emirates,2025
9839,63,George RUSSELL,Mercedes,5,5216.032,21.979,5194.053,294,324,336,288.7234043,304.4482759,312.7758621,Race,Yas Island,United Arab Emirates,2025
9839,14,Fernando ALONSO,Aston Martin,6,5235.031,23.267,5211.764,293,329,341,287.4418605,295.9655172,302.9827586,Race,Yas Island,United Arab Emirates,2025
9839,31,Esteban OCON,Haas F1 Team,7,5237.345,22.254,5215.091,297,320,340,288.9814815,305.5862069,316.7241379,Race,Yas Island,United Arab Emirates,2025
9839,44,Lewis HAMILTON,Ferrari,8,5240.139,43.018,5197.121,294,330,341,285.38,306.1034483,316.3448276,Race,Yas Island,United Arab Emirates,2025
9839,27,Nico HULKENBERG,Kick Sauber,9,5246.483,43.068,5203.415,300,326,340,286.5744681,305.6724138,316.1206897,Race,Yas Island,United Arab Emirates,2025
9839,18,Lance STROLL,Aston Martin,10,5246.992,21.535,5225.457,291,323,345,286.3541667,297.5,308.9310345,Race,Yas Island,United Arab Emirates,2025
9839,5,Gabriel BORTOLETO,Kick Sauber,11,5248.512,22.121,5226.391,292,327,331,286.2093023,304.5517241,313.5517241,Race,Yas Island,United Arab Emirates,2025
9839,87,Oliver BEARMAN,Haas F1 Team,12,5248.635,22.263,5226.372,295,327,343,288.6296296,304.6896552,317.4137931,Race,Yas Island,United Arab Emirates,2025
9839,55,Carlos SAINZ,Williams,13,5249.627,21.799,5227.828,295,322,334,288.3555556,303.2413793,313.6724138,Race,Yas Island,United Arab Emirates,2025
9839,22,Yuki TSUNODA,Red Bull Racing,14,5251.263,27.041,5224.222,293,322,338,287.1590909,301.4310345,312.0517241,Race,Yas Island,United Arab Emirates,2025
9839,12,Kimi ANTONELLI,Mercedes,15,5251.868,22.155,5229.713,296,331,331,290.9069767,307.8793103,311.4310345,Race,Yas Island,United Arab Emirates,2025
9839,23,Alexander ALBON,Williams,16,5257.796,43.046,5214.75,296,325,335,289.4375,306.9137931,317.6896552,Race,Yas Island,United Arab Emirates,2025
9839,6,Isack HADJAR,Racing Bulls,17,,21.932,,291,326,328,285.0222222,300.5614035,305.1754386,Race,Yas Island,United Arab Emirates,2025
9839,30,Liam LAWSON,Racing Bulls,18,,28.369,,293,323,324,285.4186047,301.2982456,300.3859649,Race,Yas Island,United Arab Emirates,2025
9839,10,Pierre GASLY,Alpine,19,,44.819,,293,313,332,282.6086957,295.1403509,305.0526316,Race,Yas Island,United Arab Emirates,2025
9839,43,Franco COLAPINTO,Alpine,20,,44.908,,293,311,315,285.4222222,293.4736842,302.9122807,Race,Yas Island,United Arab Emirates,2025
9920,81,Oscar PIASTRI,McLaren,1,5909.849,35.964,5873.885,284,269,301,252.0217391,248.6388889,273.75,Race,Zandvoort,Netherlands,2025
9920,1,Max VERSTAPPEN,Red Bull Racing,2,5911.12,37.001,5874.119,289,272,306,273.9069767,253.8333333,280.9848485,Race,Zandvoort,Netherlands,2025
9920,6,Isack HADJAR,Racing Bulls,3,5913.082,35.949,5877.133,290,277,311,274.78,256.4166667,282.03125,Race,Zandvoort,Netherlands,2025
9920,63,George RUSSELL,Mercedes,4,5915.503,36.176,5879.327,288,279,327,269.5576923,258.3333333,288.1290323,Race,Zandvoort,Netherlands,2025
9920,23,Alexander ALBON,Williams,5,5916.176,37.532,5878.644,292,283,327,272.7777778,259.1944444,289.7460317,Race,Zandvoort,Netherlands,2025
9920,87,Oliver BEARMAN,Haas F1 Team,6,5918.893,18.622,5900.271,291,290,330,271.515625,258.6111111,297.6029412,Race,Zandvoort,Netherlands,2025
9920,18,Lance STROLL,Aston Martin,7,5919.346,35.159,5884.187,292,287,337,270.0322581,261.3611111,288.5762712,Race,Zandvoort,Netherlands,2025
9920,14,Fernando ALONSO,Aston Martin,8,5921.558,35.366,5886.192,293,289,332,274.7833333,263.625,296.5571429,Race,Zandvoort,Netherlands,2025
9920,22,Yuki TSUNODA,Red Bull Racing,9,5923.446,36.495,5886.951,293,282,321,274.0363636,261.9583333,288.4090909,Race,Zandvoort,Netherlands,2025
9920,31,Esteban OCON,Haas F1 Team,10,5923.912,18.27,5905.642,289,285,335,269.3174603,256.7222222,289.2714286,Race,Zandvoort,Netherlands,2025
9920,43,Franco COLAPINTO,Alpine,11,5924.36,53.649,5870.711,291,285,325,271.2115385,261.2222222,291.2615385,Race,Zandvoort,Netherlands,2025
9920,30,Liam LAWSON,Racing Bulls,12,5926.912,58.31,5868.602,293,282,324,272.4909091,255.3472222,285.2063492,Race,Zandvoort,Netherlands,2025
9920,55,Carlos SAINZ,Williams,13,5927.225,95.496,5831.729,293,284,323,272.8363636,264.1944444,289.2741935,Race,Zandvoort,Netherlands,2025
9920,27,Nico HULKENBERG,Kick Sauber,14,5929.574,35.546,5894.028,292,288,330,272.6190476,261.0555556,291.2698413,Race,Zandvoort,Netherlands,2025
9920,5,Gabriel BORTOLETO,Kick Sauber,15,5931.414,35.399,5896.015,295,287,326,269.0847458,260.5555556,292.5737705,Race,Zandvoort,Netherlands,2025
9920,12,Kimi ANTONELLI,Mercedes,16,5931.878,56.141,5875.737,291,284,328,267.8235294,260.2222222,287.828125,Race,Zandvoort,Netherlands,2025
9920,10,Pierre GASLY,Alpine,17,5933.478,19.223,5914.255,292,284,322,273.755102,260.7638889,294.9701493,Race,Zandvoort,Netherlands,2025
9920,4,Lando NORRIS,McLaren,18,,42.65,,288,281,315,278.1111111,262.546875,281.7678571,Race,Zandvoort,Netherlands,2025
9920,16,Charles LECLERC,Ferrari,,,34.123,,289,281,320,277.2439024,267.4230769,294.7659574,Race,Zandvoort,Netherlands,2025
9920,44,Lewis HAMILTON,Ferrari,,,0,,287,278,313,284.6153846,272.9090909,297.0909091,Race,Zandvoort,Netherlands,2025
10033,7,Jack DOOHAN,Alpine,,,0,,,,,,,,,,,2025
